event_id,live_id,customer_id,event_type,event_timestamp,event_value,source_system,cleaned_at,data_quality_status
EVT000001,LIVE0033,CUS0058,cart_opened,2026-04-24 05:18:58,timeout,api_gateway,2026-07-04 02:43:50,cleaned
EVT000002,LIVE0007,CUS0031,product_viewed,2026-02-05 04:06:13,checkout,api_gateway,2026-07-04 02:43:50,cleaned
EVT000006,LIVE0030,CUS0057,payment_succeeded,2026-02-03 02:55:08,timeout,web_app,2026-07-04 02:43:50,cleaned
EVT000008,LIVE0034,CUS0044,payment_clicked,2026-02-28 20:47:32,,live_connector,2026-07-04 02:43:50,cleaned
EVT000010,LIVE0003,CUS0002,cart_opened,2026-01-18 18:24:55,success,payment_service,2026-07-04 02:43:50,cleaned
EVT000011,LIVE0018,CUS0062,cart_opened,2026-03-04 05:46:31,timeout,simulation,2026-07-04 02:43:50,cleaned
EVT000012,LIVE0014,CUS0013,api_error,2026-04-20 23:47:13,,simulation,2026-07-04 02:43:50,cleaned
EVT000013,LIVE0005,CUS0064,api_error,2026-03-20 06:45:11,,simulation,2026-07-04 02:43:50,cleaned
EVT000014,LIVE0018,CUS0080,payment_succeeded,2026-03-22 18:15:40,timeout,simulation,2026-07-04 02:43:50,cleaned
EVT000015,LIVE0035,CUS0025,payment_clicked,2026-04-18 07:56:18,button_click,simulation,2026-07-04 02:43:50,cleaned
EVT000016,LIVE0027,CUS0078,payment_clicked,2026-03-11 15:18:06,success,web_app,2026-07-04 02:43:50,cleaned
EVT000017,LIVE0020,CUS0055,payment_succeeded,2026-02-11 07:42:27,,payment_service,2026-07-04 02:43:50,cleaned
EVT000018,LIVE0031,CUS0042,product_viewed,2026-01-15 11:44:25,success,simulation,2026-07-04 02:43:50,cleaned
EVT000019,LIVE0033,CUS0078,payment_succeeded,2026-03-29 07:01:18,timeout,api_gateway,2026-07-04 02:43:50,cleaned
EVT000020,LIVE0015,CUS0054,comment_sent,2026-03-13 10:16:43,timeout,simulation,2026-07-04 02:43:50,cleaned
EVT000021,LIVE0027,CUS0058,payment_succeeded,2026-02-21 08:58:03,timeout,simulation,2026-07-04 02:43:50,cleaned
EVT000022,LIVE0016,CUS0045,product_viewed,2026-04-15 01:19:28,button_click,payment_service,2026-07-04 02:43:50,cleaned
EVT000023,LIVE0012,CUS0070,cart_opened,2026-04-10 20:07:39,checkout,live_connector,2026-07-04 02:43:50,cleaned
EVT000024,LIVE0010,CUS0079,api_error,2026-01-03 23:01:51,button_click,web_app,2026-07-04 02:43:50,cleaned
EVT000026,LIVE0015,CUS0048,api_error,2026-01-26 05:53:34,button_click,payment_service,2026-07-04 02:43:50,cleaned
EVT000027,LIVE0020,CUS0022,payment_clicked,2026-02-12 13:13:35,success,web_app,2026-07-04 02:43:50,cleaned
EVT000029,LIVE0003,CUS0022,payment_clicked,2026-02-08 00:14:40,success,web_app,2026-07-04 02:43:50,cleaned
EVT000031,LIVE0006,CUS0011,comment_sent,2026-03-06 23:45:48,button_click,web_app,2026-07-04 02:43:50,cleaned
EVT000032,LIVE0001,CUS0071,api_error,2026-04-28 04:06:47,checkout,simulation,2026-07-04 02:43:50,cleaned
EVT000034,LIVE0019,CUS0060,cart_opened,2026-01-13 08:41:36,button_click,simulation,2026-07-04 02:43:50,cleaned
EVT000035,LIVE0020,CUS0056,comment_sent,2026-01-29 13:35:17,button_click,live_connector,2026-07-04 02:43:50,cleaned
EVT000036,LIVE0034,CUS0033,payment_succeeded,2026-01-03 15:46:25,timeout,api_gateway,2026-07-04 02:43:50,cleaned
EVT000037,LIVE0007,CUS0059,cart_opened,2026-03-15 00:25:49,success,simulation,2026-07-04 02:43:50,cleaned
EVT000038,LIVE0025,CUS0063,api_error,2026-01-14 20:19:21,success,web_app,2026-07-04 02:43:50,cleaned
EVT000039,LIVE0007,CUS0073,cart_opened,2026-01-27 15:37:15,,payment_service,2026-07-04 02:43:50,cleaned
EVT000041,LIVE0004,CUS0065,payment_clicked,2026-02-22 09:47:21,success,web_app,2026-07-04 02:43:50,cleaned
EVT000042,LIVE0022,CUS0074,api_error,2026-02-22 00:17:44,success,api_gateway,2026-07-04 02:43:50,cleaned
EVT000043,LIVE0033,CUS0071,payment_succeeded,2026-02-10 20:15:20,button_click,simulation,2026-07-04 02:43:50,cleaned
EVT000045,LIVE0005,CUS0050,cart_opened,2026-04-07 00:10:33,,payment_service,2026-07-04 02:43:50,cleaned
EVT000047,LIVE0035,CUS0064,cart_opened,2026-04-06 17:26:25,,live_connector,2026-07-04 02:43:50,cleaned
EVT000048,LIVE0009,CUS0057,payment_clicked,2026-04-03 21:17:33,timeout,api_gateway,2026-07-04 02:43:50,cleaned
EVT000049,LIVE0025,CUS0074,product_viewed,2026-01-22 04:18:33,success,api_gateway,2026-07-04 02:43:50,cleaned
EVT000050,LIVE0025,CUS0068,api_error,2026-02-02 15:29:13,timeout,payment_service,2026-07-04 02:43:50,cleaned
EVT000051,LIVE0012,CUS0069,product_viewed,2026-04-17 15:00:20,button_click,payment_service,2026-07-04 02:43:50,cleaned
EVT000052,LIVE0011,CUS0062,comment_sent,2026-01-01 09:44:12,success,web_app,2026-07-04 02:43:50,cleaned
EVT000053,LIVE0031,CUS0044,comment_sent,2026-01-08 19:29:38,success,web_app,2026-07-04 02:43:50,cleaned
EVT000054,LIVE0024,CUS0073,cart_opened,2026-02-14 20:00:59,success,live_connector,2026-07-04 02:43:50,cleaned
EVT000055,LIVE0020,CUS0056,api_error,2026-04-04 09:23:39,button_click,live_connector,2026-07-04 02:43:50,cleaned
EVT000056,LIVE0014,CUS0011,api_error,2026-01-20 03:46:13,timeout,payment_service,2026-07-04 02:43:50,cleaned
EVT000057,LIVE0018,CUS0074,comment_sent,2026-01-17 16:37:41,button_click,live_connector,2026-07-04 02:43:50,cleaned
EVT000058,LIVE0019,CUS0080,product_viewed,2026-04-27 15:13:10,,payment_service,2026-07-04 02:43:50,cleaned
EVT000060,LIVE0022,CUS0011,comment_sent,2026-01-18 16:51:28,button_click,simulation,2026-07-04 02:43:50,cleaned
EVT000061,LIVE0022,CUS0040,api_error,2026-04-08 03:15:35,button_click,simulation,2026-07-04 02:43:50,cleaned
EVT000062,LIVE0026,CUS0062,payment_clicked,2026-02-09 16:20:33,,api_gateway,2026-07-04 02:43:50,cleaned
EVT000063,LIVE0015,CUS0023,product_viewed,2026-04-17 08:45:09,button_click,api_gateway,2026-07-04 02:43:50,cleaned
EVT000064,LIVE0030,CUS0064,product_viewed,2026-04-11 08:43:07,checkout,simulation,2026-07-04 02:43:50,cleaned
EVT000065,LIVE0024,CUS0024,comment_sent,2026-04-21 11:54:29,timeout,simulation,2026-07-04 02:43:50,cleaned
EVT000066,LIVE0015,CUS0080,api_error,2026-04-23 06:24:23,success,web_app,2026-07-04 02:43:50,cleaned
EVT000067,LIVE0014,CUS0058,payment_clicked,2026-03-09 06:00:37,timeout,live_connector,2026-07-04 02:43:50,cleaned
EVT000068,LIVE0007,CUS0049,payment_clicked,2026-03-06 00:38:17,,live_connector,2026-07-04 02:43:50,cleaned
EVT000069,LIVE0032,CUS0052,comment_sent,2026-03-31 22:16:17,,api_gateway,2026-07-04 02:43:50,cleaned
EVT000071,LIVE0007,CUS0005,payment_clicked,2026-01-04 19:57:45,success,payment_service,2026-07-04 02:43:50,cleaned
EVT000072,LIVE0010,CUS0012,payment_succeeded,2026-04-17 03:03:28,,live_connector,2026-07-04 02:43:50,cleaned
EVT000073,LIVE0007,CUS0071,payment_clicked,2026-04-20 06:41:39,,live_connector,2026-07-04 02:43:50,cleaned
EVT000074,LIVE0022,CUS0023,api_error,2026-04-03 11:33:00,button_click,simulation,2026-07-04 02:43:50,cleaned
EVT000075,LIVE0004,CUS0010,cart_opened,2026-04-16 16:09:46,timeout,web_app,2026-07-04 02:43:50,cleaned
EVT000076,LIVE0013,CUS0058,comment_sent,2026-02-05 19:12:44,checkout,simulation,2026-07-04 02:43:50,cleaned
EVT000077,LIVE0013,CUS0001,payment_clicked,2026-02-05 17:22:07,timeout,simulation,2026-07-04 02:43:50,cleaned
EVT000078,LIVE0006,CUS0074,payment_succeeded,2026-01-12 03:58:05,success,web_app,2026-07-04 02:43:50,cleaned
EVT000079,LIVE0013,CUS0042,api_error,2026-03-22 00:49:10,,payment_service,2026-07-04 02:43:50,cleaned
EVT000080,LIVE0025,CUS0060,comment_sent,2026-04-23 23:15:19,success,payment_service,2026-07-04 02:43:50,cleaned
EVT000081,LIVE0021,CUS0007,payment_succeeded,2026-04-01 09:11:17,success,api_gateway,2026-07-04 02:43:50,cleaned
EVT000082,LIVE0022,CUS0054,cart_opened,2026-04-17 06:17:56,success,payment_service,2026-07-04 02:43:50,cleaned
EVT000083,LIVE0020,CUS0035,product_viewed,2026-02-26 08:05:31,timeout,api_gateway,2026-07-04 02:43:50,cleaned
EVT000085,LIVE0026,CUS0021,api_error,2026-03-14 06:44:27,timeout,live_connector,2026-07-04 02:43:50,cleaned
EVT000086,LIVE0015,CUS0045,product_viewed,2026-03-06 17:53:47,timeout,web_app,2026-07-04 02:43:50,cleaned
EVT000087,LIVE0034,CUS0028,payment_clicked,2026-01-28 14:16:02,,api_gateway,2026-07-04 02:43:50,cleaned
EVT000088,LIVE0013,CUS0062,cart_opened,2026-03-01 18:20:23,checkout,simulation,2026-07-04 02:43:50,cleaned
EVT000089,LIVE0003,CUS0043,product_viewed,2026-01-14 20:22:55,,payment_service,2026-07-04 02:43:50,cleaned
EVT000090,LIVE0028,CUS0062,payment_clicked,2026-02-13 20:57:06,success,live_connector,2026-07-04 02:43:50,cleaned
EVT000091,LIVE0021,CUS0022,payment_succeeded,2026-03-11 05:48:01,button_click,api_gateway,2026-07-04 02:43:50,cleaned
EVT000092,LIVE0031,CUS0077,api_error,2026-03-30 13:46:25,button_click,payment_service,2026-07-04 02:43:50,cleaned
EVT000093,LIVE0018,CUS0049,api_error,2026-02-13 15:43:25,timeout,web_app,2026-07-04 02:43:50,cleaned
EVT000094,LIVE0016,CUS0066,comment_sent,2026-02-23 13:49:17,checkout,simulation,2026-07-04 02:43:50,cleaned
EVT000096,LIVE0010,CUS0018,product_viewed,2026-02-12 01:05:19,success,live_connector,2026-07-04 02:43:50,cleaned
EVT000097,LIVE0031,CUS0052,cart_opened,2026-02-28 00:42:09,success,payment_service,2026-07-04 02:43:50,cleaned
EVT000098,LIVE0021,CUS0041,comment_sent,2026-01-24 07:54:13,button_click,web_app,2026-07-04 02:43:50,cleaned
EVT000099,LIVE0017,CUS0021,product_viewed,2026-03-13 11:00:30,success,live_connector,2026-07-04 02:43:50,cleaned
EVT000100,LIVE0007,CUS0062,api_error,2026-03-29 12:44:13,button_click,simulation,2026-07-04 02:43:50,cleaned
EVT000102,LIVE0027,CUS0043,payment_clicked,2026-04-15 21:46:55,button_click,api_gateway,2026-07-04 02:43:50,cleaned
EVT000103,LIVE0027,CUS0070,comment_sent,2026-02-14 15:42:47,checkout,web_app,2026-07-04 02:43:50,cleaned
EVT000104,LIVE0016,CUS0079,cart_opened,2026-04-09 07:23:23,timeout,api_gateway,2026-07-04 02:43:50,cleaned
EVT000105,LIVE0001,CUS0080,api_error,2026-04-07 12:58:04,success,payment_service,2026-07-04 02:43:50,cleaned
EVT000106,LIVE0033,CUS0026,comment_sent,2026-01-28 09:27:05,timeout,simulation,2026-07-04 02:43:50,cleaned
EVT000107,LIVE0013,CUS0056,cart_opened,2026-02-06 09:24:43,button_click,web_app,2026-07-04 02:43:50,cleaned
EVT000108,LIVE0018,CUS0055,cart_opened,2026-01-21 12:43:33,,simulation,2026-07-04 02:43:50,cleaned
EVT000109,LIVE0006,CUS0046,product_viewed,2026-04-04 03:41:55,button_click,web_app,2026-07-04 02:43:50,cleaned
EVT000110,LIVE0012,CUS0042,cart_opened,2026-03-15 16:24:43,button_click,web_app,2026-07-04 02:43:50,cleaned
EVT000111,LIVE0033,CUS0053,payment_succeeded,2026-04-09 01:19:27,timeout,web_app,2026-07-04 02:43:50,cleaned
EVT000112,LIVE0030,CUS0066,payment_clicked,2026-04-10 15:45:21,checkout,live_connector,2026-07-04 02:43:50,cleaned
EVT000113,LIVE0009,CUS0024,payment_succeeded,2026-03-10 12:55:43,,payment_service,2026-07-04 02:43:50,cleaned
EVT000114,LIVE0001,CUS0045,product_viewed,2026-03-17 08:12:32,checkout,simulation,2026-07-04 02:43:50,cleaned
EVT000115,LIVE0029,CUS0007,payment_succeeded,2026-02-06 01:07:55,button_click,simulation,2026-07-04 02:43:50,cleaned
EVT000116,LIVE0025,CUS0007,api_error,2026-03-29 11:16:27,timeout,live_connector,2026-07-04 02:43:50,cleaned
EVT000118,LIVE0022,CUS0040,product_viewed,2026-01-05 19:07:22,,api_gateway,2026-07-04 02:43:50,cleaned
EVT000119,LIVE0027,CUS0033,cart_opened,2026-01-11 17:06:08,success,simulation,2026-07-04 02:43:50,cleaned
EVT000120,LIVE0029,CUS0037,payment_clicked,2026-02-28 22:39:15,checkout,api_gateway,2026-07-04 02:43:50,cleaned
EVT000121,LIVE0031,CUS0006,comment_sent,2026-02-11 11:02:09,checkout,web_app,2026-07-04 02:43:50,cleaned
EVT000122,LIVE0026,CUS0067,product_viewed,2026-01-11 10:59:40,timeout,simulation,2026-07-04 02:43:50,cleaned
EVT000123,LIVE0027,CUS0003,cart_opened,2026-04-06 08:46:41,,simulation,2026-07-04 02:43:50,cleaned
EVT000124,LIVE0009,CUS0026,api_error,2026-02-03 09:39:32,checkout,payment_service,2026-07-04 02:43:50,cleaned
EVT000125,LIVE0004,CUS0049,api_error,2026-03-02 06:48:59,button_click,live_connector,2026-07-04 02:43:50,cleaned
EVT000126,LIVE0013,CUS0037,api_error,2026-03-27 01:38:25,success,live_connector,2026-07-04 02:43:50,cleaned
EVT000127,LIVE0019,CUS0001,payment_succeeded,2026-01-27 00:50:26,success,live_connector,2026-07-04 02:43:50,cleaned
EVT000128,LIVE0019,CUS0061,api_error,2026-04-12 20:20:06,success,payment_service,2026-07-04 02:43:50,cleaned
EVT000130,LIVE0028,CUS0078,payment_clicked,2026-03-11 12:30:59,checkout,web_app,2026-07-04 02:43:50,cleaned
EVT000131,LIVE0023,CUS0045,payment_clicked,2026-02-14 14:09:29,button_click,payment_service,2026-07-04 02:43:50,cleaned
EVT000132,LIVE0012,CUS0051,payment_clicked,2026-02-21 01:42:54,checkout,web_app,2026-07-04 02:43:50,cleaned
EVT000133,LIVE0033,CUS0073,payment_clicked,2026-01-11 06:47:33,timeout,live_connector,2026-07-04 02:43:50,cleaned
EVT000134,LIVE0020,CUS0042,payment_succeeded,2026-03-28 14:01:09,checkout,api_gateway,2026-07-04 02:43:50,cleaned
EVT000135,LIVE0012,CUS0047,api_error,2026-02-25 13:48:01,timeout,api_gateway,2026-07-04 02:43:50,cleaned
EVT000136,LIVE0033,CUS0032,payment_succeeded,2026-04-28 17:08:24,checkout,web_app,2026-07-04 02:43:50,cleaned
EVT000137,LIVE0007,CUS0052,cart_opened,2026-01-28 03:36:18,success,payment_service,2026-07-04 02:43:50,cleaned
EVT000138,LIVE0027,CUS0072,payment_succeeded,2026-02-15 06:26:57,checkout,live_connector,2026-07-04 02:43:50,cleaned
EVT000139,LIVE0022,CUS0048,product_viewed,2026-01-14 21:56:43,timeout,api_gateway,2026-07-04 02:43:50,cleaned
EVT000141,LIVE0012,CUS0024,payment_succeeded,2026-02-06 00:34:53,timeout,simulation,2026-07-04 02:43:50,cleaned
EVT000142,LIVE0013,CUS0014,payment_succeeded,2026-03-16 20:26:26,button_click,payment_service,2026-07-04 02:43:50,cleaned
EVT000144,LIVE0028,CUS0003,payment_clicked,2026-03-20 07:10:36,button_click,web_app,2026-07-04 02:43:50,cleaned
EVT000145,LIVE0025,CUS0003,product_viewed,2026-03-18 20:24:35,checkout,payment_service,2026-07-04 02:43:50,cleaned
EVT000146,LIVE0012,CUS0060,payment_clicked,2026-04-03 07:11:30,success,live_connector,2026-07-04 02:43:50,cleaned
EVT000147,LIVE0010,CUS0039,comment_sent,2026-04-25 00:13:36,button_click,simulation,2026-07-04 02:43:50,cleaned
EVT000148,LIVE0017,CUS0079,payment_succeeded,2026-01-31 05:29:32,,api_gateway,2026-07-04 02:43:50,cleaned
EVT000149,LIVE0023,CUS0022,cart_opened,2026-03-01 23:04:00,,simulation,2026-07-04 02:43:50,cleaned
EVT000151,LIVE0009,CUS0079,product_viewed,2026-03-10 22:01:28,button_click,web_app,2026-07-04 02:43:50,cleaned
EVT000153,LIVE0034,CUS0058,payment_succeeded,2026-04-11 03:06:09,timeout,api_gateway,2026-07-04 02:43:50,cleaned
EVT000154,LIVE0009,CUS0023,payment_clicked,2026-02-22 21:21:09,success,simulation,2026-07-04 02:43:50,cleaned
EVT000155,LIVE0015,CUS0035,comment_sent,2026-02-12 20:44:04,button_click,simulation,2026-07-04 02:43:50,cleaned
EVT000156,LIVE0017,CUS0035,payment_clicked,2026-02-07 22:28:21,button_click,live_connector,2026-07-04 02:43:50,cleaned
EVT000157,LIVE0019,CUS0078,comment_sent,2026-04-08 04:09:33,timeout,web_app,2026-07-04 02:43:50,cleaned
EVT000158,LIVE0016,CUS0049,api_error,2026-02-16 22:18:19,success,api_gateway,2026-07-04 02:43:50,cleaned
EVT000159,LIVE0021,CUS0062,product_viewed,2026-02-26 21:18:09,success,payment_service,2026-07-04 02:43:50,cleaned
EVT000160,LIVE0020,CUS0051,payment_clicked,2026-03-23 07:01:54,success,api_gateway,2026-07-04 02:43:50,cleaned
EVT000161,LIVE0021,CUS0020,api_error,2026-01-02 08:23:46,checkout,api_gateway,2026-07-04 02:43:50,cleaned
EVT000162,LIVE0027,CUS0063,api_error,2026-04-26 05:22:41,success,api_gateway,2026-07-04 02:43:50,cleaned
EVT000163,LIVE0034,CUS0042,api_error,2026-02-17 12:55:59,button_click,payment_service,2026-07-04 02:43:50,cleaned
EVT000164,LIVE0035,CUS0063,cart_opened,2026-03-03 12:00:42,,live_connector,2026-07-04 02:43:50,cleaned
EVT000165,LIVE0016,CUS0041,cart_opened,2026-01-29 04:17:38,,payment_service,2026-07-04 02:43:50,cleaned
EVT000166,LIVE0024,CUS0065,payment_succeeded,2026-03-14 20:58:00,checkout,payment_service,2026-07-04 02:43:50,cleaned
EVT000167,LIVE0014,CUS0048,product_viewed,2026-01-05 12:40:06,timeout,api_gateway,2026-07-04 02:43:50,cleaned
EVT000168,LIVE0005,CUS0036,api_error,2026-03-10 23:34:55,,web_app,2026-07-04 02:43:50,cleaned
EVT000169,LIVE0030,CUS0074,api_error,2026-02-01 07:16:51,success,payment_service,2026-07-04 02:43:50,cleaned
EVT000170,LIVE0016,CUS0060,cart_opened,2026-01-06 19:17:35,timeout,web_app,2026-07-04 02:43:50,cleaned
EVT000171,LIVE0014,CUS0010,cart_opened,2026-03-08 09:03:13,success,payment_service,2026-07-04 02:43:50,cleaned
EVT000172,LIVE0032,CUS0061,comment_sent,2026-03-10 01:20:50,,payment_service,2026-07-04 02:43:50,cleaned
EVT000173,LIVE0032,CUS0016,payment_succeeded,2026-01-11 15:12:06,checkout,api_gateway,2026-07-04 02:43:50,cleaned
EVT000174,LIVE0015,CUS0078,payment_succeeded,2026-02-08 18:00:37,button_click,web_app,2026-07-04 02:43:50,cleaned
EVT000175,LIVE0030,CUS0026,api_error,2026-04-14 20:39:48,button_click,web_app,2026-07-04 02:43:50,cleaned
EVT000176,LIVE0018,CUS0054,api_error,2026-02-04 15:40:11,timeout,api_gateway,2026-07-04 02:43:50,cleaned
EVT000177,LIVE0032,CUS0067,payment_clicked,2026-03-24 09:16:55,checkout,payment_service,2026-07-04 02:43:50,cleaned
EVT000178,LIVE0023,CUS0037,product_viewed,2026-03-13 16:19:40,button_click,web_app,2026-07-04 02:43:50,cleaned
EVT000179,LIVE0013,CUS0064,comment_sent,2026-02-10 16:30:31,success,payment_service,2026-07-04 02:43:50,cleaned
EVT000180,LIVE0005,CUS0057,product_viewed,2026-02-08 03:59:55,button_click,live_connector,2026-07-04 02:43:50,cleaned
EVT000182,LIVE0022,CUS0069,payment_succeeded,2026-01-14 21:19:59,checkout,payment_service,2026-07-04 02:43:50,cleaned
EVT000183,LIVE0011,CUS0043,cart_opened,2026-01-25 12:50:10,success,api_gateway,2026-07-04 02:43:50,cleaned
EVT000184,LIVE0012,CUS0043,api_error,2026-03-02 20:38:50,button_click,live_connector,2026-07-04 02:43:50,cleaned
EVT000185,LIVE0016,CUS0035,payment_succeeded,2026-04-30 09:23:09,timeout,live_connector,2026-07-04 02:43:50,cleaned
EVT000186,LIVE0024,CUS0042,payment_succeeded,2026-02-09 13:36:25,button_click,web_app,2026-07-04 02:43:50,cleaned
EVT000187,LIVE0027,CUS0008,payment_succeeded,2026-02-15 20:51:08,button_click,live_connector,2026-07-04 02:43:50,cleaned
EVT000191,LIVE0032,CUS0077,payment_succeeded,2026-01-06 21:24:44,button_click,payment_service,2026-07-04 02:43:50,cleaned
EVT000192,LIVE0019,CUS0079,api_error,2026-02-18 01:06:03,timeout,live_connector,2026-07-04 02:43:50,cleaned
EVT000193,LIVE0025,CUS0058,payment_clicked,2026-01-15 15:08:56,,live_connector,2026-07-04 02:43:50,cleaned
EVT000195,LIVE0006,CUS0058,cart_opened,2026-02-11 18:34:48,timeout,api_gateway,2026-07-04 02:43:50,cleaned
EVT000196,LIVE0035,CUS0039,product_viewed,2026-01-03 04:49:49,,live_connector,2026-07-04 02:43:50,cleaned
EVT000197,LIVE0025,CUS0059,product_viewed,2026-04-24 06:11:20,button_click,payment_service,2026-07-04 02:43:50,cleaned
EVT000198,LIVE0031,CUS0048,payment_clicked,2026-01-26 21:45:16,timeout,api_gateway,2026-07-04 02:43:50,cleaned
EVT000200,LIVE0035,CUS0008,api_error,2026-02-17 00:36:27,,api_gateway,2026-07-04 02:43:50,cleaned
EVT000201,LIVE0022,CUS0070,payment_succeeded,2026-02-06 18:21:40,,web_app,2026-07-04 02:43:50,cleaned
EVT000203,LIVE0031,CUS0080,product_viewed,2026-01-25 02:49:43,button_click,live_connector,2026-07-04 02:43:50,cleaned
EVT000204,LIVE0031,CUS0059,product_viewed,2026-01-20 20:21:04,success,api_gateway,2026-07-04 02:43:50,cleaned
EVT000205,LIVE0023,CUS0060,api_error,2026-04-10 22:47:52,button_click,web_app,2026-07-04 02:43:50,cleaned
EVT000206,LIVE0027,CUS0075,payment_clicked,2026-01-01 19:53:24,,web_app,2026-07-04 02:43:50,cleaned
EVT000207,LIVE0016,CUS0043,payment_succeeded,2026-01-20 08:54:14,checkout,live_connector,2026-07-04 02:43:50,cleaned
EVT000209,LIVE0014,CUS0020,cart_opened,2026-02-09 05:06:01,checkout,api_gateway,2026-07-04 02:43:50,cleaned
EVT000210,LIVE0003,CUS0018,api_error,2026-02-14 02:20:55,timeout,payment_service,2026-07-04 02:43:50,cleaned
EVT000211,LIVE0015,CUS0027,payment_clicked,2026-01-21 13:17:14,success,live_connector,2026-07-04 02:43:50,cleaned
EVT000213,LIVE0004,CUS0059,payment_succeeded,2026-02-21 06:13:49,button_click,api_gateway,2026-07-04 02:43:50,cleaned
EVT000214,LIVE0009,CUS0013,cart_opened,2026-03-06 18:46:33,,payment_service,2026-07-04 02:43:50,cleaned
EVT000215,LIVE0015,CUS0017,payment_succeeded,2026-04-05 19:22:47,timeout,simulation,2026-07-04 02:43:50,cleaned
EVT000216,LIVE0014,CUS0028,comment_sent,2026-04-13 16:23:30,timeout,api_gateway,2026-07-04 02:43:50,cleaned
EVT000217,LIVE0009,CUS0060,comment_sent,2026-01-01 12:51:26,button_click,web_app,2026-07-04 02:43:50,cleaned
EVT000218,LIVE0024,CUS0048,payment_clicked,2026-04-18 02:27:54,timeout,payment_service,2026-07-04 02:43:50,cleaned
EVT000219,LIVE0006,CUS0051,payment_succeeded,2026-01-03 08:46:41,timeout,web_app,2026-07-04 02:43:50,cleaned
EVT000220,LIVE0011,CUS0033,cart_opened,2026-03-14 00:08:33,success,payment_service,2026-07-04 02:43:50,cleaned
EVT000221,LIVE0032,CUS0005,comment_sent,2026-03-18 06:55:47,timeout,live_connector,2026-07-04 02:43:50,cleaned
EVT000222,LIVE0028,CUS0022,payment_succeeded,2026-01-23 05:59:33,success,payment_service,2026-07-04 02:43:50,cleaned
EVT000224,LIVE0025,CUS0035,api_error,2026-02-11 00:50:01,timeout,web_app,2026-07-04 02:43:50,cleaned
EVT000225,LIVE0032,CUS0005,product_viewed,2026-04-22 04:58:26,,api_gateway,2026-07-04 02:43:50,cleaned
EVT000226,LIVE0026,CUS0078,product_viewed,2026-03-09 05:10:06,,live_connector,2026-07-04 02:43:50,cleaned
EVT000227,LIVE0016,CUS0013,payment_succeeded,2026-01-09 03:30:29,button_click,api_gateway,2026-07-04 02:43:50,cleaned
EVT000229,LIVE0018,CUS0018,payment_clicked,2026-03-26 17:23:39,,simulation,2026-07-04 02:43:50,cleaned
EVT000230,LIVE0033,CUS0075,cart_opened,2026-01-17 07:32:08,success,payment_service,2026-07-04 02:43:50,cleaned
EVT000231,LIVE0006,CUS0014,product_viewed,2026-02-21 09:56:39,,payment_service,2026-07-04 02:43:50,cleaned
EVT000232,LIVE0016,CUS0034,cart_opened,2026-04-04 21:19:21,button_click,api_gateway,2026-07-04 02:43:50,cleaned
EVT000233,LIVE0035,CUS0068,api_error,2026-04-24 08:48:57,success,live_connector,2026-07-04 02:43:50,cleaned
EVT000234,LIVE0029,CUS0049,product_viewed,2026-01-19 18:47:59,,simulation,2026-07-04 02:43:50,cleaned
EVT000235,LIVE0004,CUS0027,cart_opened,2026-01-02 04:40:02,success,payment_service,2026-07-04 02:43:50,cleaned
EVT000236,LIVE0027,CUS0043,comment_sent,2026-03-15 15:30:54,timeout,payment_service,2026-07-04 02:43:50,cleaned
EVT000237,LIVE0027,CUS0059,cart_opened,2026-02-28 19:16:34,button_click,web_app,2026-07-04 02:43:50,cleaned
EVT000238,LIVE0019,CUS0067,payment_clicked,2026-02-13 05:16:21,button_click,api_gateway,2026-07-04 02:43:50,cleaned
EVT000239,LIVE0031,CUS0014,product_viewed,2026-04-20 10:48:33,timeout,web_app,2026-07-04 02:43:50,cleaned
EVT000240,LIVE0025,CUS0056,product_viewed,2026-01-04 17:08:06,success,simulation,2026-07-04 02:43:50,cleaned
EVT000241,LIVE0009,CUS0017,api_error,2026-04-02 09:08:55,timeout,live_connector,2026-07-04 02:43:50,cleaned
EVT000242,LIVE0030,CUS0057,api_error,2026-05-01 02:55:32,success,simulation,2026-07-04 02:43:50,cleaned
EVT000243,LIVE0034,CUS0026,cart_opened,2026-04-18 21:14:49,,payment_service,2026-07-04 02:43:50,cleaned
EVT000244,LIVE0024,CUS0069,api_error,2026-04-10 04:36:55,checkout,api_gateway,2026-07-04 02:43:50,cleaned
EVT000245,LIVE0004,CUS0070,payment_clicked,2026-03-11 07:44:33,success,live_connector,2026-07-04 02:43:50,cleaned
EVT000246,LIVE0012,CUS0014,product_viewed,2026-01-22 20:40:54,checkout,payment_service,2026-07-04 02:43:50,cleaned
EVT000247,LIVE0011,CUS0071,api_error,2026-02-24 06:17:03,button_click,live_connector,2026-07-04 02:43:50,cleaned
EVT000248,LIVE0026,CUS0068,payment_succeeded,2026-04-25 15:29:20,success,live_connector,2026-07-04 02:43:50,cleaned
EVT000249,LIVE0001,CUS0011,payment_clicked,2026-04-01 17:42:19,success,api_gateway,2026-07-04 02:43:50,cleaned
EVT000251,LIVE0027,CUS0022,product_viewed,2026-02-23 12:37:12,success,live_connector,2026-07-04 02:43:50,cleaned
EVT000252,LIVE0005,CUS0030,payment_clicked,2026-01-18 12:07:46,checkout,payment_service,2026-07-04 02:43:50,cleaned
EVT000253,LIVE0015,CUS0058,cart_opened,2026-03-28 08:48:20,,web_app,2026-07-04 02:43:50,cleaned
EVT000254,LIVE0035,CUS0041,api_error,2026-01-14 20:38:30,success,simulation,2026-07-04 02:43:50,cleaned
EVT000255,LIVE0021,CUS0017,api_error,2026-04-06 19:29:09,,live_connector,2026-07-04 02:43:50,cleaned
EVT000256,LIVE0019,CUS0006,payment_succeeded,2026-04-18 08:07:40,button_click,simulation,2026-07-04 02:43:50,cleaned
EVT000260,LIVE0034,CUS0044,payment_succeeded,2026-03-27 08:22:05,,web_app,2026-07-04 02:43:50,cleaned
EVT000261,LIVE0033,CUS0033,api_error,2026-03-05 07:37:27,timeout,web_app,2026-07-04 02:43:50,cleaned
EVT000262,LIVE0033,CUS0073,api_error,2026-04-18 18:24:38,checkout,simulation,2026-07-04 02:43:50,cleaned
EVT000263,LIVE0003,CUS0079,comment_sent,2026-03-17 20:06:36,,web_app,2026-07-04 02:43:50,cleaned
EVT000264,LIVE0017,CUS0048,api_error,2026-03-28 22:57:38,button_click,simulation,2026-07-04 02:43:50,cleaned
EVT000265,LIVE0003,CUS0046,product_viewed,2026-04-11 14:54:29,checkout,api_gateway,2026-07-04 02:43:50,cleaned
EVT000267,LIVE0015,CUS0074,cart_opened,2026-01-04 20:21:06,timeout,simulation,2026-07-04 02:43:50,cleaned
EVT000269,LIVE0017,CUS0037,payment_succeeded,2026-04-11 01:20:29,timeout,payment_service,2026-07-04 02:43:50,cleaned
EVT000272,LIVE0022,CUS0041,comment_sent,2026-04-28 23:05:40,button_click,live_connector,2026-07-04 02:43:50,cleaned
EVT000274,LIVE0023,CUS0058,payment_clicked,2026-04-07 05:10:20,,web_app,2026-07-04 02:43:50,cleaned
EVT000275,LIVE0014,CUS0076,payment_clicked,2026-04-27 16:44:41,checkout,live_connector,2026-07-04 02:43:50,cleaned
EVT000276,LIVE0013,CUS0052,api_error,2026-03-31 02:12:05,,api_gateway,2026-07-04 02:43:50,cleaned
EVT000277,LIVE0027,CUS0035,cart_opened,2026-04-02 10:34:22,button_click,payment_service,2026-07-04 02:43:50,cleaned
EVT000281,LIVE0015,CUS0020,comment_sent,2026-02-07 07:01:54,checkout,simulation,2026-07-04 02:43:50,cleaned
EVT000282,LIVE0030,CUS0055,api_error,2026-03-12 18:12:26,success,api_gateway,2026-07-04 02:43:50,cleaned
EVT000283,LIVE0027,CUS0075,payment_succeeded,2026-04-06 08:45:50,timeout,live_connector,2026-07-04 02:43:50,cleaned
EVT000284,LIVE0029,CUS0049,payment_clicked,2026-04-26 07:20:34,timeout,web_app,2026-07-04 02:43:50,cleaned
EVT000287,LIVE0016,CUS0046,product_viewed,2026-03-31 20:35:52,success,simulation,2026-07-04 02:43:50,cleaned
EVT000289,LIVE0029,CUS0010,cart_opened,2026-01-03 17:28:35,,live_connector,2026-07-04 02:43:50,cleaned
EVT000290,LIVE0032,CUS0020,comment_sent,2026-03-29 11:04:46,timeout,api_gateway,2026-07-04 02:43:50,cleaned
EVT000291,LIVE0018,CUS0004,product_viewed,2026-03-18 15:27:45,success,simulation,2026-07-04 02:43:50,cleaned
EVT000292,LIVE0015,CUS0059,payment_clicked,2026-03-10 22:43:19,timeout,payment_service,2026-07-04 02:43:50,cleaned
EVT000293,LIVE0034,CUS0054,cart_opened,2026-04-09 17:43:37,timeout,web_app,2026-07-04 02:43:50,cleaned
EVT000294,LIVE0004,CUS0047,api_error,2026-01-16 02:39:04,checkout,simulation,2026-07-04 02:43:50,cleaned
EVT000295,LIVE0012,CUS0026,cart_opened,2026-03-18 05:53:11,,simulation,2026-07-04 02:43:50,cleaned
EVT000296,LIVE0009,CUS0044,comment_sent,2026-01-13 12:36:44,button_click,simulation,2026-07-04 02:43:50,cleaned
EVT000297,LIVE0026,CUS0062,cart_opened,2026-04-19 10:11:06,timeout,live_connector,2026-07-04 02:43:50,cleaned
EVT000298,LIVE0013,CUS0057,payment_clicked,2026-03-05 02:11:16,button_click,payment_service,2026-07-04 02:43:50,cleaned
EVT000299,LIVE0016,CUS0046,product_viewed,2026-03-23 02:21:28,,api_gateway,2026-07-04 02:43:50,cleaned
EVT000300,LIVE0018,CUS0003,api_error,2026-01-08 17:03:43,timeout,web_app,2026-07-04 02:43:50,cleaned
EVT000301,LIVE0012,CUS0001,api_error,2026-01-02 00:20:24,timeout,web_app,2026-07-04 02:43:50,cleaned
EVT000302,LIVE0025,CUS0010,cart_opened,2026-01-25 20:39:31,success,api_gateway,2026-07-04 02:43:50,cleaned
EVT000303,LIVE0015,CUS0046,comment_sent,2026-04-22 21:58:09,checkout,live_connector,2026-07-04 02:43:50,cleaned
EVT000304,LIVE0013,CUS0058,product_viewed,2026-04-19 05:32:09,button_click,web_app,2026-07-04 02:43:50,cleaned
EVT000306,LIVE0007,CUS0046,product_viewed,2026-01-24 18:33:10,,simulation,2026-07-04 02:43:50,cleaned
EVT000307,LIVE0014,CUS0079,cart_opened,2026-03-20 10:29:59,checkout,simulation,2026-07-04 02:43:50,cleaned
EVT000308,LIVE0030,CUS0016,product_viewed,2026-03-12 02:21:15,timeout,payment_service,2026-07-04 02:43:50,cleaned
EVT000309,LIVE0017,CUS0064,cart_opened,2026-04-12 12:02:22,,simulation,2026-07-04 02:43:50,cleaned
EVT000310,LIVE0007,CUS0068,comment_sent,2026-03-26 20:20:58,checkout,api_gateway,2026-07-04 02:43:50,cleaned
EVT000312,LIVE0030,CUS0027,payment_clicked,2026-05-01 20:27:25,button_click,simulation,2026-07-04 02:43:50,cleaned
EVT000313,LIVE0006,CUS0064,comment_sent,2026-03-04 03:20:35,button_click,api_gateway,2026-07-04 02:43:50,cleaned
EVT000314,LIVE0026,CUS0041,payment_succeeded,2026-04-11 09:49:43,,api_gateway,2026-07-04 02:43:50,cleaned
EVT000315,LIVE0003,CUS0026,comment_sent,2026-02-09 18:47:57,checkout,api_gateway,2026-07-04 02:43:50,cleaned
EVT000316,LIVE0013,CUS0042,product_viewed,2026-01-07 17:01:03,timeout,simulation,2026-07-04 02:43:50,cleaned
EVT000317,LIVE0014,CUS0047,api_error,2026-01-07 21:55:27,checkout,api_gateway,2026-07-04 02:43:50,cleaned
EVT000318,LIVE0013,CUS0067,payment_clicked,2026-03-29 22:02:58,success,web_app,2026-07-04 02:43:50,cleaned
EVT000319,LIVE0031,CUS0025,cart_opened,2026-04-02 10:04:45,success,simulation,2026-07-04 02:43:50,cleaned
EVT000320,LIVE0015,CUS0075,product_viewed,2026-03-20 00:02:59,button_click,payment_service,2026-07-04 02:43:50,cleaned
EVT000321,LIVE0009,CUS0039,comment_sent,2026-04-26 07:42:52,timeout,payment_service,2026-07-04 02:43:50,cleaned
EVT000322,LIVE0026,CUS0031,payment_clicked,2026-04-28 12:02:09,success,api_gateway,2026-07-04 02:43:50,cleaned
EVT000323,LIVE0017,CUS0035,payment_succeeded,2026-03-29 18:45:55,timeout,payment_service,2026-07-04 02:43:50,cleaned
EVT000324,LIVE0019,CUS0054,product_viewed,2026-01-02 13:52:26,button_click,live_connector,2026-07-04 02:43:50,cleaned
EVT000325,LIVE0014,CUS0064,payment_clicked,2026-03-18 00:40:44,button_click,web_app,2026-07-04 02:43:50,cleaned
EVT000326,LIVE0030,CUS0018,product_viewed,2026-03-30 07:04:40,,web_app,2026-07-04 02:43:50,cleaned
EVT000327,LIVE0012,CUS0064,comment_sent,2026-01-24 17:20:10,timeout,simulation,2026-07-04 02:43:50,cleaned
EVT000328,LIVE0020,CUS0070,payment_clicked,2026-02-06 18:16:06,,simulation,2026-07-04 02:43:50,cleaned
EVT000329,LIVE0014,CUS0013,api_error,2026-04-19 15:12:08,checkout,web_app,2026-07-04 02:43:50,cleaned
EVT000330,LIVE0032,CUS0063,comment_sent,2026-01-15 07:02:53,button_click,payment_service,2026-07-04 02:43:50,cleaned
EVT000331,LIVE0006,CUS0010,cart_opened,2026-02-25 19:23:28,success,simulation,2026-07-04 02:43:50,cleaned
EVT000333,LIVE0001,CUS0021,payment_clicked,2026-04-21 08:58:11,timeout,simulation,2026-07-04 02:43:50,cleaned
EVT000334,LIVE0014,CUS0008,payment_succeeded,2026-02-18 04:18:32,,payment_service,2026-07-04 02:43:50,cleaned
EVT000335,LIVE0013,CUS0026,payment_clicked,2026-03-26 23:28:01,button_click,web_app,2026-07-04 02:43:50,cleaned
EVT000336,LIVE0017,CUS0079,api_error,2026-02-06 17:10:09,checkout,live_connector,2026-07-04 02:43:50,cleaned
EVT000337,LIVE0004,CUS0016,product_viewed,2026-01-09 13:33:34,,api_gateway,2026-07-04 02:43:50,cleaned
EVT000338,LIVE0012,CUS0043,payment_clicked,2026-01-05 04:57:06,success,web_app,2026-07-04 02:43:50,cleaned
EVT000339,LIVE0026,CUS0001,api_error,2026-01-08 12:49:36,,payment_service,2026-07-04 02:43:50,cleaned
EVT000340,LIVE0003,CUS0074,api_error,2026-01-10 00:41:52,button_click,api_gateway,2026-07-04 02:43:50,cleaned
EVT000341,LIVE0026,CUS0038,product_viewed,2026-03-20 12:28:58,success,simulation,2026-07-04 02:43:50,cleaned
EVT000342,LIVE0018,CUS0046,product_viewed,2026-02-28 15:58:57,success,simulation,2026-07-04 02:43:50,cleaned
EVT000343,LIVE0025,CUS0030,cart_opened,2026-02-06 20:46:11,button_click,live_connector,2026-07-04 02:43:50,cleaned
EVT000344,LIVE0012,CUS0049,product_viewed,2026-01-03 13:51:19,success,web_app,2026-07-04 02:43:50,cleaned
EVT000345,LIVE0031,CUS0054,product_viewed,2026-04-23 17:54:14,button_click,payment_service,2026-07-04 02:43:50,cleaned
EVT000346,LIVE0024,CUS0028,payment_succeeded,2026-02-23 13:29:46,button_click,simulation,2026-07-04 02:43:50,cleaned
EVT000347,LIVE0026,CUS0061,payment_clicked,2026-02-13 10:42:25,success,api_gateway,2026-07-04 02:43:50,cleaned
EVT000348,LIVE0015,CUS0033,cart_opened,2026-04-02 06:36:12,checkout,live_connector,2026-07-04 02:43:50,cleaned
EVT000350,LIVE0027,CUS0020,payment_succeeded,2026-01-14 17:41:28,timeout,api_gateway,2026-07-04 02:43:50,cleaned
EVT000351,LIVE0028,CUS0007,cart_opened,2026-01-28 10:35:56,success,simulation,2026-07-04 02:43:50,cleaned
EVT000352,LIVE0035,CUS0057,cart_opened,2026-05-01 14:01:44,success,simulation,2026-07-04 02:43:50,cleaned
EVT000353,LIVE0013,CUS0036,product_viewed,2026-03-29 18:49:09,button_click,api_gateway,2026-07-04 02:43:50,cleaned
EVT000354,LIVE0014,CUS0021,payment_succeeded,2026-02-10 14:15:55,success,simulation,2026-07-04 02:43:50,cleaned
EVT000356,LIVE0005,CUS0012,comment_sent,2026-01-02 01:21:54,,live_connector,2026-07-04 02:43:50,cleaned
EVT000357,LIVE0024,CUS0027,product_viewed,2026-01-20 06:19:53,,live_connector,2026-07-04 02:43:50,cleaned
EVT000360,LIVE0028,CUS0017,api_error,2026-04-27 19:26:10,checkout,api_gateway,2026-07-04 02:43:50,cleaned
EVT000361,LIVE0032,CUS0037,product_viewed,2026-04-19 07:07:42,success,simulation,2026-07-04 02:43:50,cleaned
EVT000362,LIVE0007,CUS0006,cart_opened,2026-04-23 12:30:24,button_click,payment_service,2026-07-04 02:43:50,cleaned
EVT000364,LIVE0013,CUS0059,comment_sent,2026-03-04 21:36:22,timeout,web_app,2026-07-04 02:43:50,cleaned
EVT000365,LIVE0025,CUS0010,cart_opened,2026-01-18 19:19:43,button_click,payment_service,2026-07-04 02:43:50,cleaned
EVT000366,LIVE0009,CUS0027,product_viewed,2026-02-11 09:45:50,,live_connector,2026-07-04 02:43:50,cleaned
EVT000367,LIVE0033,CUS0003,api_error,2026-04-25 18:26:10,timeout,live_connector,2026-07-04 02:43:50,cleaned
EVT000368,LIVE0014,CUS0067,payment_clicked,2026-03-08 00:31:20,success,web_app,2026-07-04 02:43:50,cleaned
EVT000369,LIVE0017,CUS0041,payment_clicked,2026-02-27 13:21:02,timeout,simulation,2026-07-04 02:43:50,cleaned
EVT000370,LIVE0006,CUS0044,api_error,2026-01-05 04:55:59,checkout,web_app,2026-07-04 02:43:50,cleaned
EVT000372,LIVE0026,CUS0044,payment_clicked,2026-04-13 16:54:50,button_click,simulation,2026-07-04 02:43:50,cleaned
EVT000373,LIVE0023,CUS0018,payment_clicked,2026-04-03 08:35:12,button_click,live_connector,2026-07-04 02:43:50,cleaned
EVT000374,LIVE0019,CUS0012,payment_succeeded,2026-04-28 21:05:51,timeout,api_gateway,2026-07-04 02:43:50,cleaned
EVT000376,LIVE0005,CUS0021,api_error,2026-04-13 07:49:05,,web_app,2026-07-04 02:43:50,cleaned
EVT000378,LIVE0023,CUS0015,api_error,2026-01-16 01:45:08,success,web_app,2026-07-04 02:43:50,cleaned
EVT000379,LIVE0013,CUS0013,product_viewed,2026-01-12 00:27:50,success,payment_service,2026-07-04 02:43:50,cleaned
EVT000380,LIVE0004,CUS0012,payment_succeeded,2026-02-11 20:33:12,button_click,payment_service,2026-07-04 02:43:50,cleaned
EVT000381,LIVE0033,CUS0079,product_viewed,2026-01-24 15:18:46,checkout,web_app,2026-07-04 02:43:50,cleaned
EVT000382,LIVE0030,CUS0025,api_error,2026-01-01 02:11:12,timeout,payment_service,2026-07-04 02:43:50,cleaned
EVT000383,LIVE0014,CUS0017,product_viewed,2026-04-08 02:12:11,timeout,payment_service,2026-07-04 02:43:50,cleaned
EVT000384,LIVE0012,CUS0052,product_viewed,2026-04-18 18:18:38,button_click,api_gateway,2026-07-04 02:43:50,cleaned
EVT000385,LIVE0020,CUS0029,payment_succeeded,2026-02-02 11:47:15,checkout,web_app,2026-07-04 02:43:50,cleaned
EVT000387,LIVE0004,CUS0057,comment_sent,2026-03-28 22:28:00,,live_connector,2026-07-04 02:43:50,cleaned
EVT000388,LIVE0025,CUS0079,product_viewed,2026-01-09 18:16:46,timeout,simulation,2026-07-04 02:43:50,cleaned
EVT000389,LIVE0024,CUS0063,payment_clicked,2026-03-05 09:48:31,timeout,api_gateway,2026-07-04 02:43:50,cleaned
EVT000390,LIVE0014,CUS0031,api_error,2026-01-22 01:44:22,button_click,simulation,2026-07-04 02:43:50,cleaned
EVT000392,LIVE0011,CUS0020,product_viewed,2026-04-07 12:26:01,success,live_connector,2026-07-04 02:43:50,cleaned
EVT000393,LIVE0026,CUS0021,payment_succeeded,2026-02-16 00:27:50,success,payment_service,2026-07-04 02:43:50,cleaned
EVT000394,LIVE0013,CUS0029,comment_sent,2026-01-03 12:30:09,timeout,live_connector,2026-07-04 02:43:50,cleaned
EVT000395,LIVE0014,CUS0003,payment_succeeded,2026-02-20 05:19:53,checkout,live_connector,2026-07-04 02:43:50,cleaned
EVT000396,LIVE0016,CUS0026,payment_succeeded,2026-03-19 23:31:27,button_click,payment_service,2026-07-04 02:43:50,cleaned
EVT000397,LIVE0033,CUS0008,payment_clicked,2026-01-14 02:20:45,button_click,api_gateway,2026-07-04 02:43:50,cleaned
EVT000398,LIVE0020,CUS0020,cart_opened,2026-03-08 15:51:13,button_click,simulation,2026-07-04 02:43:50,cleaned
EVT000399,LIVE0001,CUS0041,product_viewed,2026-01-21 10:40:19,checkout,simulation,2026-07-04 02:43:50,cleaned
EVT000400,LIVE0009,CUS0078,cart_opened,2026-03-09 09:21:46,timeout,payment_service,2026-07-04 02:43:50,cleaned
EVT000401,LIVE0025,CUS0074,payment_succeeded,2026-01-09 00:28:23,button_click,payment_service,2026-07-04 02:43:50,cleaned
EVT000402,LIVE0015,CUS0043,product_viewed,2026-01-30 10:40:58,button_click,live_connector,2026-07-04 02:43:50,cleaned
EVT000404,LIVE0016,CUS0077,api_error,2026-01-31 07:31:36,button_click,web_app,2026-07-04 02:43:50,cleaned
EVT000405,LIVE0022,CUS0067,comment_sent,2026-02-19 04:39:20,,api_gateway,2026-07-04 02:43:50,cleaned
EVT000406,LIVE0033,CUS0061,api_error,2026-04-26 23:17:04,button_click,simulation,2026-07-04 02:43:50,cleaned
EVT000407,LIVE0014,CUS0037,product_viewed,2026-01-19 11:54:49,,simulation,2026-07-04 02:43:50,cleaned
EVT000408,LIVE0017,CUS0030,product_viewed,2026-01-01 10:22:52,checkout,simulation,2026-07-04 02:43:50,cleaned
EVT000409,LIVE0011,CUS0036,payment_clicked,2026-03-04 10:38:56,checkout,payment_service,2026-07-04 02:43:50,cleaned
EVT000410,LIVE0014,CUS0078,api_error,2026-01-16 09:46:03,success,api_gateway,2026-07-04 02:43:50,cleaned
EVT000411,LIVE0034,CUS0038,cart_opened,2026-04-12 12:27:44,,live_connector,2026-07-04 02:43:50,cleaned
EVT000412,LIVE0018,CUS0028,cart_opened,2026-02-07 00:01:41,button_click,web_app,2026-07-04 02:43:50,cleaned
EVT000414,LIVE0012,CUS0078,payment_succeeded,2026-04-08 10:06:59,timeout,simulation,2026-07-04 02:43:50,cleaned
EVT000415,LIVE0019,CUS0027,product_viewed,2026-03-19 14:18:10,checkout,payment_service,2026-07-04 02:43:50,cleaned
EVT000416,LIVE0022,CUS0003,comment_sent,2026-01-07 10:35:30,timeout,payment_service,2026-07-04 02:43:50,cleaned
EVT000417,LIVE0022,CUS0050,api_error,2026-01-04 20:27:41,timeout,simulation,2026-07-04 02:43:50,cleaned
EVT000418,LIVE0013,CUS0043,api_error,2026-04-18 01:41:18,timeout,api_gateway,2026-07-04 02:43:50,cleaned
EVT000419,LIVE0003,CUS0067,comment_sent,2026-04-03 22:45:08,button_click,web_app,2026-07-04 02:43:50,cleaned
EVT000420,LIVE0005,CUS0019,cart_opened,2026-01-14 16:10:45,success,web_app,2026-07-04 02:43:50,cleaned
EVT000421,LIVE0025,CUS0047,payment_clicked,2026-01-11 13:21:48,,simulation,2026-07-04 02:43:50,cleaned
EVT000422,LIVE0027,CUS0071,comment_sent,2026-03-09 13:41:50,button_click,payment_service,2026-07-04 02:43:50,cleaned
EVT000423,LIVE0006,CUS0028,payment_succeeded,2026-01-21 03:48:58,timeout,payment_service,2026-07-04 02:43:50,cleaned
EVT000424,LIVE0017,CUS0008,product_viewed,2026-03-29 17:01:03,success,simulation,2026-07-04 02:43:50,cleaned
EVT000425,LIVE0003,CUS0006,cart_opened,2026-04-08 07:09:55,success,api_gateway,2026-07-04 02:43:50,cleaned
EVT000426,LIVE0022,CUS0043,payment_succeeded,2026-04-07 20:42:25,,api_gateway,2026-07-04 02:43:50,cleaned
EVT000427,LIVE0020,CUS0065,comment_sent,2026-03-27 22:44:26,checkout,web_app,2026-07-04 02:43:50,cleaned
EVT000428,LIVE0003,CUS0027,api_error,2026-01-05 06:14:37,button_click,web_app,2026-07-04 02:43:50,cleaned
EVT000429,LIVE0024,CUS0012,api_error,2026-04-23 11:32:57,success,simulation,2026-07-04 02:43:50,cleaned
EVT000430,LIVE0015,CUS0021,api_error,2026-01-01 20:47:39,timeout,live_connector,2026-07-04 02:43:50,cleaned
EVT000431,LIVE0025,CUS0067,payment_succeeded,2026-01-21 06:48:38,timeout,live_connector,2026-07-04 02:43:50,cleaned
EVT000432,LIVE0014,CUS0043,payment_clicked,2026-02-20 03:41:18,button_click,web_app,2026-07-04 02:43:50,cleaned
EVT000433,LIVE0030,CUS0079,product_viewed,2026-03-27 16:49:25,success,payment_service,2026-07-04 02:43:50,cleaned
EVT000434,LIVE0009,CUS0006,payment_succeeded,2026-04-13 03:47:59,success,payment_service,2026-07-04 02:43:50,cleaned
EVT000435,LIVE0021,CUS0029,api_error,2026-04-15 09:23:29,,payment_service,2026-07-04 02:43:50,cleaned
EVT000436,LIVE0018,CUS0029,api_error,2026-01-04 09:00:13,success,live_connector,2026-07-04 02:43:50,cleaned
EVT000437,LIVE0015,CUS0065,product_viewed,2026-02-19 23:20:29,button_click,api_gateway,2026-07-04 02:43:50,cleaned
EVT000438,LIVE0012,CUS0064,payment_succeeded,2026-03-13 19:18:50,success,web_app,2026-07-04 02:43:50,cleaned
EVT000440,LIVE0001,CUS0040,payment_succeeded,2026-02-18 23:36:10,,web_app,2026-07-04 02:43:50,cleaned
EVT000441,LIVE0025,CUS0029,product_viewed,2026-01-25 13:47:56,timeout,web_app,2026-07-04 02:43:50,cleaned
EVT000442,LIVE0019,CUS0055,product_viewed,2026-01-03 09:49:02,,live_connector,2026-07-04 02:43:50,cleaned
EVT000443,LIVE0011,CUS0035,payment_succeeded,2026-04-30 06:07:58,,simulation,2026-07-04 02:43:50,cleaned
EVT000444,LIVE0013,CUS0002,comment_sent,2026-01-12 23:15:29,checkout,api_gateway,2026-07-04 02:43:50,cleaned
EVT000445,LIVE0019,CUS0036,comment_sent,2026-03-31 18:30:04,success,payment_service,2026-07-04 02:43:50,cleaned
EVT000446,LIVE0005,CUS0052,product_viewed,2026-02-18 00:02:31,button_click,simulation,2026-07-04 02:43:50,cleaned
EVT000447,LIVE0028,CUS0024,comment_sent,2026-03-15 01:42:04,timeout,live_connector,2026-07-04 02:43:50,cleaned
EVT000449,LIVE0030,CUS0001,product_viewed,2026-01-06 18:53:54,button_click,api_gateway,2026-07-04 02:43:50,cleaned
EVT000450,LIVE0033,CUS0031,product_viewed,2026-04-19 23:03:18,timeout,web_app,2026-07-04 02:43:50,cleaned
EVT000452,LIVE0011,CUS0043,product_viewed,2026-03-23 11:26:11,checkout,simulation,2026-07-04 02:43:50,cleaned
EVT000453,LIVE0025,CUS0061,payment_clicked,2026-04-09 09:09:52,button_click,api_gateway,2026-07-04 02:43:50,cleaned
EVT000454,LIVE0028,CUS0048,payment_succeeded,2026-01-12 19:16:56,success,live_connector,2026-07-04 02:43:50,cleaned
EVT000455,LIVE0024,CUS0061,payment_succeeded,2026-04-07 17:55:43,success,web_app,2026-07-04 02:43:50,cleaned
EVT000458,LIVE0034,CUS0071,comment_sent,2026-03-08 03:36:00,timeout,api_gateway,2026-07-04 02:43:50,cleaned
EVT000459,LIVE0012,CUS0031,product_viewed,2026-04-01 10:31:07,timeout,live_connector,2026-07-04 02:43:50,cleaned
EVT000460,LIVE0027,CUS0068,product_viewed,2026-04-15 12:14:36,timeout,simulation,2026-07-04 02:43:50,cleaned
EVT000461,LIVE0007,CUS0030,product_viewed,2026-03-24 14:09:53,success,web_app,2026-07-04 02:43:50,cleaned
EVT000462,LIVE0034,CUS0015,payment_succeeded,2026-01-19 02:44:19,success,simulation,2026-07-04 02:43:50,cleaned
EVT000463,LIVE0021,CUS0028,api_error,2026-03-23 03:52:12,,web_app,2026-07-04 02:43:50,cleaned
EVT000465,LIVE0018,CUS0059,comment_sent,2026-02-24 11:42:25,,api_gateway,2026-07-04 02:43:50,cleaned
EVT000466,LIVE0021,CUS0045,payment_succeeded,2026-02-17 06:19:27,checkout,api_gateway,2026-07-04 02:43:50,cleaned
EVT000467,LIVE0032,CUS0080,api_error,2026-01-06 21:31:02,button_click,live_connector,2026-07-04 02:43:50,cleaned
EVT000468,LIVE0024,CUS0004,payment_clicked,2026-03-31 15:55:51,button_click,api_gateway,2026-07-04 02:43:50,cleaned
EVT000469,LIVE0007,CUS0056,product_viewed,2026-03-17 19:56:22,button_click,web_app,2026-07-04 02:43:50,cleaned
EVT000470,LIVE0026,CUS0005,payment_succeeded,2026-04-08 02:30:16,checkout,web_app,2026-07-04 02:43:50,cleaned
EVT000471,LIVE0006,CUS0033,product_viewed,2026-04-17 22:40:59,,simulation,2026-07-04 02:43:50,cleaned
EVT000472,LIVE0026,CUS0045,cart_opened,2026-03-19 15:02:20,timeout,api_gateway,2026-07-04 02:43:50,cleaned
EVT000473,LIVE0030,CUS0029,api_error,2026-02-22 03:00:43,success,api_gateway,2026-07-04 02:43:50,cleaned
EVT000475,LIVE0026,CUS0070,product_viewed,2026-04-03 01:16:37,,api_gateway,2026-07-04 02:43:50,cleaned
EVT000476,LIVE0033,CUS0024,payment_succeeded,2026-02-07 05:02:18,checkout,live_connector,2026-07-04 02:43:50,cleaned
EVT000477,LIVE0029,CUS0016,product_viewed,2026-01-20 02:12:30,button_click,payment_service,2026-07-04 02:43:50,cleaned
EVT000479,LIVE0021,CUS0025,cart_opened,2026-02-13 21:37:54,button_click,payment_service,2026-07-04 02:43:50,cleaned
EVT000480,LIVE0030,CUS0016,comment_sent,2026-01-22 04:08:47,checkout,api_gateway,2026-07-04 02:43:50,cleaned
EVT000482,LIVE0007,CUS0055,payment_succeeded,2026-01-05 08:27:35,button_click,web_app,2026-07-04 02:43:50,cleaned
EVT000483,LIVE0005,CUS0013,payment_clicked,2026-04-23 21:22:30,button_click,api_gateway,2026-07-04 02:43:50,cleaned
EVT000484,LIVE0017,CUS0019,comment_sent,2026-01-04 05:05:36,success,payment_service,2026-07-04 02:43:50,cleaned
EVT000485,LIVE0030,CUS0071,payment_clicked,2026-03-13 08:30:04,success,api_gateway,2026-07-04 02:43:50,cleaned
EVT000486,LIVE0028,CUS0016,api_error,2026-01-06 07:12:09,timeout,payment_service,2026-07-04 02:43:50,cleaned
EVT000487,LIVE0027,CUS0002,payment_clicked,2026-01-08 16:50:00,,api_gateway,2026-07-04 02:43:50,cleaned
EVT000488,LIVE0019,CUS0076,api_error,2026-01-02 09:56:51,success,live_connector,2026-07-04 02:43:50,cleaned
EVT000490,LIVE0015,CUS0014,cart_opened,2026-02-19 17:40:40,checkout,web_app,2026-07-04 02:43:50,cleaned
EVT000492,LIVE0034,CUS0011,api_error,2026-01-22 07:40:48,button_click,live_connector,2026-07-04 02:43:50,cleaned
EVT000493,LIVE0016,CUS0035,payment_succeeded,2026-01-08 13:02:55,timeout,simulation,2026-07-04 02:43:50,cleaned
EVT000495,LIVE0010,CUS0063,api_error,2026-04-12 16:56:26,success,payment_service,2026-07-04 02:43:50,cleaned
EVT000496,LIVE0035,CUS0038,payment_succeeded,2026-04-09 02:27:38,,simulation,2026-07-04 02:43:50,cleaned
EVT000497,LIVE0005,CUS0073,comment_sent,2026-04-01 04:49:41,,live_connector,2026-07-04 02:43:50,cleaned
EVT000498,LIVE0019,CUS0052,payment_clicked,2026-03-01 20:51:58,timeout,live_connector,2026-07-04 02:43:50,cleaned
EVT000500,LIVE0010,CUS0062,payment_clicked,2026-01-12 22:31:21,checkout,api_gateway,2026-07-04 02:43:50,cleaned
EVT000501,LIVE0005,CUS0034,product_viewed,2026-02-04 08:55:18,checkout,api_gateway,2026-07-04 02:43:50,cleaned
EVT000502,LIVE0016,CUS0042,payment_clicked,2026-04-27 07:36:12,timeout,live_connector,2026-07-04 02:43:50,cleaned
EVT000503,LIVE0014,CUS0044,api_error,2026-03-28 13:17:16,checkout,simulation,2026-07-04 02:43:50,cleaned
EVT000506,LIVE0017,CUS0028,api_error,2026-04-12 20:53:21,success,simulation,2026-07-04 02:43:50,cleaned
EVT000507,LIVE0025,CUS0033,payment_succeeded,2026-03-03 22:17:59,checkout,simulation,2026-07-04 02:43:50,cleaned
EVT000508,LIVE0023,CUS0020,payment_clicked,2026-03-19 02:16:07,button_click,api_gateway,2026-07-04 02:43:50,cleaned
EVT000509,LIVE0027,CUS0001,comment_sent,2026-01-25 08:59:31,button_click,api_gateway,2026-07-04 02:43:50,cleaned
EVT000510,LIVE0019,CUS0067,api_error,2026-02-23 06:17:03,button_click,simulation,2026-07-04 02:43:50,cleaned
EVT000511,LIVE0007,CUS0062,payment_succeeded,2026-02-19 10:07:08,success,web_app,2026-07-04 02:43:50,cleaned
EVT000512,LIVE0025,CUS0007,comment_sent,2026-04-19 02:17:06,checkout,api_gateway,2026-07-04 02:43:50,cleaned
EVT000514,LIVE0004,CUS0002,comment_sent,2026-02-13 19:46:17,timeout,simulation,2026-07-04 02:43:50,cleaned
EVT000515,LIVE0017,CUS0031,cart_opened,2026-03-21 19:36:48,timeout,api_gateway,2026-07-04 02:43:50,cleaned
EVT000516,LIVE0024,CUS0032,cart_opened,2026-01-03 17:37:20,success,payment_service,2026-07-04 02:43:50,cleaned
EVT000517,LIVE0026,CUS0028,api_error,2026-03-20 00:10:05,checkout,api_gateway,2026-07-04 02:43:50,cleaned
EVT000518,LIVE0019,CUS0064,comment_sent,2026-01-13 07:54:26,success,payment_service,2026-07-04 02:43:50,cleaned
EVT000519,LIVE0031,CUS0080,cart_opened,2026-04-25 05:58:14,timeout,web_app,2026-07-04 02:43:50,cleaned
EVT000520,LIVE0001,CUS0032,product_viewed,2026-02-09 13:37:55,checkout,simulation,2026-07-04 02:43:50,cleaned
EVT000521,LIVE0030,CUS0029,cart_opened,2026-01-13 02:26:45,button_click,simulation,2026-07-04 02:43:50,cleaned
EVT000524,LIVE0034,CUS0080,payment_succeeded,2026-04-18 14:38:13,timeout,payment_service,2026-07-04 02:43:50,cleaned
EVT000526,LIVE0015,CUS0042,payment_clicked,2026-02-21 08:15:45,timeout,payment_service,2026-07-04 02:43:50,cleaned
EVT000527,LIVE0026,CUS0078,payment_succeeded,2026-01-04 21:59:36,success,web_app,2026-07-04 02:43:50,cleaned
EVT000528,LIVE0030,CUS0003,payment_succeeded,2026-03-15 11:23:24,,simulation,2026-07-04 02:43:50,cleaned
EVT000529,LIVE0029,CUS0059,payment_succeeded,2026-01-12 13:16:22,success,live_connector,2026-07-04 02:43:50,cleaned
EVT000530,LIVE0025,CUS0035,payment_succeeded,2026-01-21 05:14:54,checkout,api_gateway,2026-07-04 02:43:50,cleaned
EVT000532,LIVE0012,CUS0013,api_error,2026-03-31 17:03:16,,api_gateway,2026-07-04 02:43:50,cleaned
EVT000533,LIVE0018,CUS0059,cart_opened,2026-02-07 04:54:27,timeout,payment_service,2026-07-04 02:43:50,cleaned
EVT000534,LIVE0016,CUS0054,payment_clicked,2026-01-22 16:04:14,,api_gateway,2026-07-04 02:43:50,cleaned
EVT000535,LIVE0004,CUS0075,product_viewed,2026-04-11 23:11:18,checkout,simulation,2026-07-04 02:43:50,cleaned
EVT000536,LIVE0029,CUS0023,cart_opened,2026-01-03 06:38:45,,web_app,2026-07-04 02:43:50,cleaned
EVT000538,LIVE0025,CUS0024,cart_opened,2026-03-10 05:15:50,,live_connector,2026-07-04 02:43:50,cleaned
EVT000539,LIVE0012,CUS0036,api_error,2026-04-15 00:32:32,,simulation,2026-07-04 02:43:50,cleaned
EVT000540,LIVE0010,CUS0023,comment_sent,2026-03-02 04:54:08,success,api_gateway,2026-07-04 02:43:50,cleaned
EVT000542,LIVE0017,CUS0022,product_viewed,2026-03-19 01:04:24,success,web_app,2026-07-04 02:43:50,cleaned
EVT000543,LIVE0020,CUS0060,api_error,2026-04-13 15:43:48,button_click,api_gateway,2026-07-04 02:43:50,cleaned
EVT000544,LIVE0027,CUS0069,payment_succeeded,2026-03-24 16:22:50,checkout,api_gateway,2026-07-04 02:43:50,cleaned
EVT000545,LIVE0027,CUS0034,api_error,2026-04-30 13:10:32,button_click,payment_service,2026-07-04 02:43:50,cleaned
EVT000546,LIVE0003,CUS0028,comment_sent,2026-03-18 11:53:19,,api_gateway,2026-07-04 02:43:50,cleaned
EVT000547,LIVE0028,CUS0050,payment_succeeded,2026-02-08 11:01:20,button_click,payment_service,2026-07-04 02:43:50,cleaned
EVT000549,LIVE0010,CUS0040,payment_succeeded,2026-02-01 04:01:57,success,simulation,2026-07-04 02:43:50,cleaned
EVT000550,LIVE0018,CUS0064,payment_succeeded,2026-03-01 22:29:23,success,simulation,2026-07-04 02:43:50,cleaned
EVT000551,LIVE0010,CUS0055,comment_sent,2026-02-01 04:57:40,,live_connector,2026-07-04 02:43:50,cleaned
EVT000552,LIVE0025,CUS0007,payment_clicked,2026-03-01 12:56:41,button_click,web_app,2026-07-04 02:43:50,cleaned
EVT000554,LIVE0024,CUS0044,cart_opened,2026-02-09 16:10:00,,payment_service,2026-07-04 02:43:50,cleaned
EVT000555,LIVE0019,CUS0008,comment_sent,2026-03-07 06:40:33,timeout,web_app,2026-07-04 02:43:50,cleaned
EVT000556,LIVE0030,CUS0053,payment_clicked,2026-04-13 19:29:22,checkout,live_connector,2026-07-04 02:43:50,cleaned
EVT000557,LIVE0020,CUS0049,comment_sent,2026-04-13 16:37:07,button_click,simulation,2026-07-04 02:43:50,cleaned
EVT000558,LIVE0029,CUS0067,comment_sent,2026-03-27 17:46:47,checkout,api_gateway,2026-07-04 02:43:50,cleaned
EVT000561,LIVE0027,CUS0030,comment_sent,2026-01-06 09:00:08,success,simulation,2026-07-04 02:43:50,cleaned
EVT000563,LIVE0015,CUS0001,comment_sent,2026-01-21 01:16:46,button_click,web_app,2026-07-04 02:43:50,cleaned
EVT000564,LIVE0016,CUS0061,cart_opened,2026-04-29 21:31:07,,simulation,2026-07-04 02:43:50,cleaned
EVT000565,LIVE0023,CUS0080,product_viewed,2026-02-17 15:16:36,checkout,api_gateway,2026-07-04 02:43:50,cleaned
EVT000566,LIVE0023,CUS0043,api_error,2026-01-20 21:43:53,checkout,api_gateway,2026-07-04 02:43:50,cleaned
EVT000568,LIVE0032,CUS0036,payment_clicked,2026-05-01 16:19:31,button_click,web_app,2026-07-04 02:43:50,cleaned
EVT000569,LIVE0021,CUS0034,comment_sent,2026-04-16 04:35:14,success,payment_service,2026-07-04 02:43:50,cleaned
EVT000570,LIVE0031,CUS0021,comment_sent,2026-03-31 17:32:23,button_click,simulation,2026-07-04 02:43:50,cleaned
EVT000571,LIVE0028,CUS0074,payment_clicked,2026-02-08 02:15:10,checkout,simulation,2026-07-04 02:43:50,cleaned
EVT000572,LIVE0005,CUS0042,comment_sent,2026-02-25 12:52:27,success,simulation,2026-07-04 02:43:50,cleaned
EVT000573,LIVE0032,CUS0004,payment_clicked,2026-05-01 11:07:19,success,simulation,2026-07-04 02:43:50,cleaned
EVT000574,LIVE0033,CUS0052,api_error,2026-01-28 12:27:54,success,live_connector,2026-07-04 02:43:50,cleaned
EVT000576,LIVE0026,CUS0012,comment_sent,2026-01-11 02:50:47,,payment_service,2026-07-04 02:43:50,cleaned
EVT000577,LIVE0029,CUS0065,comment_sent,2026-04-30 22:41:09,,web_app,2026-07-04 02:43:50,cleaned
EVT000578,LIVE0032,CUS0024,comment_sent,2026-01-18 09:53:23,timeout,api_gateway,2026-07-04 02:43:50,cleaned
EVT000579,LIVE0006,CUS0006,cart_opened,2026-04-25 09:21:06,,api_gateway,2026-07-04 02:43:50,cleaned
EVT000580,LIVE0006,CUS0006,api_error,2026-01-01 06:50:10,button_click,simulation,2026-07-04 02:43:50,cleaned
EVT000581,LIVE0007,CUS0036,api_error,2026-02-07 19:53:33,,api_gateway,2026-07-04 02:43:50,cleaned
EVT000582,LIVE0020,CUS0019,comment_sent,2026-03-01 19:54:16,success,api_gateway,2026-07-04 02:43:50,cleaned
EVT000583,LIVE0007,CUS0065,api_error,2026-01-29 22:18:02,button_click,live_connector,2026-07-04 02:43:50,cleaned
EVT000586,LIVE0031,CUS0021,product_viewed,2026-01-20 01:05:03,checkout,web_app,2026-07-04 02:43:50,cleaned
EVT000587,LIVE0011,CUS0015,payment_succeeded,2026-01-17 04:46:04,timeout,live_connector,2026-07-04 02:43:50,cleaned
EVT000588,LIVE0022,CUS0076,cart_opened,2026-04-02 15:27:26,,api_gateway,2026-07-04 02:43:50,cleaned
EVT000589,LIVE0021,CUS0028,payment_succeeded,2026-03-25 01:23:10,button_click,payment_service,2026-07-04 02:43:50,cleaned
EVT000590,LIVE0024,CUS0010,comment_sent,2026-01-05 08:24:11,button_click,simulation,2026-07-04 02:43:50,cleaned
EVT000591,LIVE0027,CUS0043,payment_succeeded,2026-01-18 10:47:45,button_click,live_connector,2026-07-04 02:43:50,cleaned
EVT000593,LIVE0023,CUS0020,comment_sent,2026-04-24 04:15:32,checkout,simulation,2026-07-04 02:43:50,cleaned
EVT000594,LIVE0019,CUS0027,product_viewed,2026-01-24 13:02:49,,live_connector,2026-07-04 02:43:50,cleaned
EVT000595,LIVE0023,CUS0080,payment_clicked,2026-02-13 00:06:30,checkout,payment_service,2026-07-04 02:43:50,cleaned
EVT000596,LIVE0015,CUS0020,payment_clicked,2026-03-29 21:54:47,checkout,live_connector,2026-07-04 02:43:50,cleaned
EVT000597,LIVE0035,CUS0052,api_error,2026-03-17 19:59:39,success,simulation,2026-07-04 02:43:50,cleaned
EVT000598,LIVE0003,CUS0060,product_viewed,2026-03-17 17:18:34,button_click,web_app,2026-07-04 02:43:50,cleaned
EVT000599,LIVE0020,CUS0044,comment_sent,2026-02-22 18:40:50,,simulation,2026-07-04 02:43:50,cleaned
EVT000600,LIVE0028,CUS0061,api_error,2026-03-15 07:59:20,checkout,payment_service,2026-07-04 02:43:50,cleaned
EVT000601,LIVE0030,CUS0035,payment_clicked,2026-04-25 20:54:02,success,api_gateway,2026-07-04 02:43:50,cleaned
EVT000602,LIVE0018,CUS0052,payment_clicked,2026-01-01 16:14:02,success,simulation,2026-07-04 02:43:50,cleaned
EVT000603,LIVE0017,CUS0052,comment_sent,2026-02-25 01:04:51,timeout,api_gateway,2026-07-04 02:43:50,cleaned
EVT000604,LIVE0028,CUS0003,api_error,2026-04-22 23:50:49,timeout,api_gateway,2026-07-04 02:43:50,cleaned
EVT000605,LIVE0004,CUS0065,api_error,2026-01-28 17:42:35,timeout,web_app,2026-07-04 02:43:50,cleaned
EVT000606,LIVE0017,CUS0051,api_error,2026-04-03 10:11:34,success,web_app,2026-07-04 02:43:50,cleaned
EVT000607,LIVE0029,CUS0012,payment_clicked,2026-03-24 07:30:01,,payment_service,2026-07-04 02:43:50,cleaned
EVT000608,LIVE0018,CUS0023,product_viewed,2026-02-07 21:16:26,success,simulation,2026-07-04 02:43:50,cleaned
EVT000609,LIVE0015,CUS0022,payment_clicked,2026-01-13 09:19:34,checkout,web_app,2026-07-04 02:43:50,cleaned
EVT000611,LIVE0009,CUS0059,payment_clicked,2026-01-16 16:49:53,checkout,simulation,2026-07-04 02:43:50,cleaned
EVT000612,LIVE0034,CUS0017,payment_succeeded,2026-03-27 19:17:50,,live_connector,2026-07-04 02:43:50,cleaned
EVT000613,LIVE0006,CUS0047,cart_opened,2026-02-19 06:34:16,,api_gateway,2026-07-04 02:43:50,cleaned
EVT000614,LIVE0006,CUS0010,cart_opened,2026-01-19 10:10:33,checkout,payment_service,2026-07-04 02:43:50,cleaned
EVT000615,LIVE0032,CUS0046,comment_sent,2026-02-13 12:50:48,button_click,web_app,2026-07-04 02:43:50,cleaned
EVT000616,LIVE0034,CUS0053,cart_opened,2026-01-22 06:39:40,button_click,api_gateway,2026-07-04 02:43:50,cleaned
EVT000618,LIVE0022,CUS0049,cart_opened,2026-04-26 01:02:28,success,web_app,2026-07-04 02:43:50,cleaned
EVT000619,LIVE0024,CUS0003,product_viewed,2026-04-30 11:41:21,button_click,web_app,2026-07-04 02:43:50,cleaned
EVT000620,LIVE0022,CUS0061,comment_sent,2026-01-18 03:38:33,checkout,web_app,2026-07-04 02:43:50,cleaned
EVT000621,LIVE0010,CUS0062,payment_succeeded,2026-03-12 17:46:48,timeout,web_app,2026-07-04 02:43:50,cleaned
EVT000622,LIVE0003,CUS0042,cart_opened,2026-02-09 17:52:27,timeout,web_app,2026-07-04 02:43:50,cleaned
EVT000623,LIVE0007,CUS0008,payment_clicked,2026-03-27 04:44:16,button_click,payment_service,2026-07-04 02:43:50,cleaned
EVT000625,LIVE0021,CUS0040,payment_succeeded,2026-01-03 00:18:20,success,web_app,2026-07-04 02:43:50,cleaned
EVT000626,LIVE0010,CUS0069,api_error,2026-03-18 03:23:07,,live_connector,2026-07-04 02:43:50,cleaned
EVT000627,LIVE0023,CUS0042,comment_sent,2026-01-24 18:13:37,,payment_service,2026-07-04 02:43:50,cleaned
EVT000628,LIVE0004,CUS0037,payment_clicked,2026-04-18 17:48:34,,api_gateway,2026-07-04 02:43:50,cleaned
EVT000629,LIVE0021,CUS0072,product_viewed,2026-02-08 03:57:25,,live_connector,2026-07-04 02:43:50,cleaned
EVT000630,LIVE0028,CUS0013,product_viewed,2026-02-12 08:47:03,success,web_app,2026-07-04 02:43:50,cleaned
EVT000631,LIVE0007,CUS0077,comment_sent,2026-01-14 15:02:30,timeout,simulation,2026-07-04 02:43:50,cleaned
EVT000632,LIVE0007,CUS0035,cart_opened,2026-03-17 17:57:50,success,web_app,2026-07-04 02:43:50,cleaned
EVT000633,LIVE0023,CUS0023,cart_opened,2026-03-25 18:44:55,,web_app,2026-07-04 02:43:50,cleaned
EVT000634,LIVE0032,CUS0029,product_viewed,2026-04-01 04:10:47,checkout,payment_service,2026-07-04 02:43:50,cleaned
EVT000635,LIVE0028,CUS0001,product_viewed,2026-03-08 08:36:50,success,simulation,2026-07-04 02:43:50,cleaned
EVT000636,LIVE0017,CUS0008,payment_succeeded,2026-01-28 19:42:24,success,api_gateway,2026-07-04 02:43:50,cleaned
EVT000637,LIVE0020,CUS0046,cart_opened,2026-02-21 18:26:58,checkout,live_connector,2026-07-04 02:43:50,cleaned
EVT000638,LIVE0019,CUS0033,api_error,2026-04-20 03:45:26,timeout,api_gateway,2026-07-04 02:43:50,cleaned
EVT000639,LIVE0033,CUS0001,comment_sent,2026-02-21 18:12:47,timeout,payment_service,2026-07-04 02:43:50,cleaned
EVT000640,LIVE0013,CUS0076,comment_sent,2026-03-27 07:08:45,,payment_service,2026-07-04 02:43:50,cleaned
EVT000641,LIVE0017,CUS0006,product_viewed,2026-01-10 21:25:08,success,live_connector,2026-07-04 02:43:50,cleaned
EVT000642,LIVE0009,CUS0075,comment_sent,2026-03-25 06:45:07,,simulation,2026-07-04 02:43:50,cleaned
EVT000643,LIVE0007,CUS0045,cart_opened,2026-02-27 04:09:46,,live_connector,2026-07-04 02:43:50,cleaned
EVT000644,LIVE0022,CUS0054,payment_succeeded,2026-03-26 16:43:17,button_click,payment_service,2026-07-04 02:43:50,cleaned
EVT000645,LIVE0011,CUS0028,payment_succeeded,2026-02-15 06:55:42,success,simulation,2026-07-04 02:43:50,cleaned
EVT000646,LIVE0033,CUS0037,payment_succeeded,2026-01-07 08:00:27,button_click,payment_service,2026-07-04 02:43:50,cleaned
EVT000647,LIVE0004,CUS0008,product_viewed,2026-02-28 16:18:13,button_click,web_app,2026-07-04 02:43:50,cleaned
EVT000648,LIVE0020,CUS0020,payment_clicked,2026-02-05 05:27:49,,simulation,2026-07-04 02:43:50,cleaned
EVT000649,LIVE0035,CUS0010,api_error,2026-02-28 11:19:41,success,simulation,2026-07-04 02:43:50,cleaned
EVT000651,LIVE0030,CUS0019,comment_sent,2026-04-10 07:41:31,button_click,payment_service,2026-07-04 02:43:50,cleaned
EVT000652,LIVE0034,CUS0020,comment_sent,2026-02-04 23:23:33,timeout,web_app,2026-07-04 02:43:50,cleaned
EVT000654,LIVE0007,CUS0032,payment_clicked,2026-02-02 07:48:42,checkout,api_gateway,2026-07-04 02:43:50,cleaned
EVT000655,LIVE0035,CUS0025,product_viewed,2026-03-05 16:00:09,,live_connector,2026-07-04 02:43:50,cleaned
EVT000656,LIVE0028,CUS0074,payment_clicked,2026-01-01 15:12:11,,live_connector,2026-07-04 02:43:50,cleaned
EVT000657,LIVE0029,CUS0034,product_viewed,2026-04-13 08:37:12,button_click,api_gateway,2026-07-04 02:43:50,cleaned
EVT000658,LIVE0024,CUS0014,payment_succeeded,2026-03-02 19:12:56,success,live_connector,2026-07-04 02:43:50,cleaned
EVT000659,LIVE0003,CUS0045,payment_clicked,2026-03-02 07:34:21,button_click,payment_service,2026-07-04 02:43:50,cleaned
EVT000660,LIVE0029,CUS0073,comment_sent,2026-03-30 02:06:36,success,payment_service,2026-07-04 02:43:50,cleaned
EVT000661,LIVE0028,CUS0006,cart_opened,2026-03-01 13:34:47,,web_app,2026-07-04 02:43:50,cleaned
EVT000662,LIVE0030,CUS0019,cart_opened,2026-04-05 06:13:23,,web_app,2026-07-04 02:43:50,cleaned
EVT000663,LIVE0018,CUS0002,api_error,2026-02-22 03:17:41,checkout,simulation,2026-07-04 02:43:50,cleaned
EVT000664,LIVE0015,CUS0013,payment_clicked,2026-04-29 07:39:07,,live_connector,2026-07-04 02:43:50,cleaned
EVT000665,LIVE0017,CUS0006,payment_succeeded,2026-03-30 08:34:10,,simulation,2026-07-04 02:43:50,cleaned
EVT000666,LIVE0015,CUS0054,payment_clicked,2026-01-13 02:32:37,success,api_gateway,2026-07-04 02:43:50,cleaned
EVT000667,LIVE0019,CUS0001,payment_succeeded,2026-03-31 11:59:22,button_click,api_gateway,2026-07-04 02:43:50,cleaned
EVT000668,LIVE0012,CUS0004,product_viewed,2026-01-13 20:36:01,timeout,payment_service,2026-07-04 02:43:50,cleaned
EVT000669,LIVE0013,CUS0022,cart_opened,2026-04-05 01:46:11,success,payment_service,2026-07-04 02:43:50,cleaned
EVT000670,LIVE0014,CUS0018,payment_clicked,2026-02-28 01:42:28,success,api_gateway,2026-07-04 02:43:50,cleaned
EVT000671,LIVE0010,CUS0005,comment_sent,2026-04-03 23:13:23,timeout,simulation,2026-07-04 02:43:50,cleaned
EVT000673,LIVE0025,CUS0005,api_error,2026-01-23 21:53:57,button_click,web_app,2026-07-04 02:43:50,cleaned
EVT000674,LIVE0006,CUS0022,cart_opened,2026-01-10 04:26:06,button_click,payment_service,2026-07-04 02:43:50,cleaned
EVT000675,LIVE0012,CUS0036,product_viewed,2026-03-08 22:35:56,checkout,api_gateway,2026-07-04 02:43:50,cleaned
EVT000676,LIVE0023,CUS0059,cart_opened,2026-04-17 19:34:42,checkout,payment_service,2026-07-04 02:43:50,cleaned
EVT000677,LIVE0030,CUS0056,cart_opened,2026-03-20 14:17:20,timeout,api_gateway,2026-07-04 02:43:50,cleaned
EVT000678,LIVE0015,CUS0003,cart_opened,2026-02-21 09:24:49,checkout,simulation,2026-07-04 02:43:50,cleaned
EVT000679,LIVE0006,CUS0076,comment_sent,2026-04-12 22:08:57,,payment_service,2026-07-04 02:43:50,cleaned
EVT000680,LIVE0009,CUS0073,payment_succeeded,2026-02-20 20:37:45,success,web_app,2026-07-04 02:43:50,cleaned
EVT000681,LIVE0035,CUS0025,api_error,2026-04-23 07:51:08,success,web_app,2026-07-04 02:43:50,cleaned
EVT000682,LIVE0034,CUS0079,api_error,2026-04-24 02:15:34,checkout,web_app,2026-07-04 02:43:50,cleaned
EVT000683,LIVE0023,CUS0069,api_error,2026-01-12 08:16:21,checkout,payment_service,2026-07-04 02:43:50,cleaned
EVT000684,LIVE0013,CUS0006,payment_succeeded,2026-03-04 06:08:51,success,web_app,2026-07-04 02:43:50,cleaned
EVT000685,LIVE0035,CUS0020,api_error,2026-02-26 02:27:46,checkout,web_app,2026-07-04 02:43:50,cleaned
EVT000686,LIVE0022,CUS0060,cart_opened,2026-03-29 08:54:21,,web_app,2026-07-04 02:43:50,cleaned
EVT000689,LIVE0032,CUS0014,payment_succeeded,2026-04-11 17:41:23,,api_gateway,2026-07-04 02:43:50,cleaned
EVT000691,LIVE0020,CUS0035,cart_opened,2026-01-11 17:52:09,checkout,api_gateway,2026-07-04 02:43:50,cleaned
EVT000692,LIVE0032,CUS0038,payment_succeeded,2026-03-08 02:09:11,timeout,api_gateway,2026-07-04 02:43:50,cleaned
EVT000693,LIVE0003,CUS0042,payment_succeeded,2026-03-02 01:32:27,button_click,web_app,2026-07-04 02:43:50,cleaned
EVT000694,LIVE0003,CUS0078,comment_sent,2026-01-01 21:16:56,success,simulation,2026-07-04 02:43:50,cleaned
EVT000695,LIVE0024,CUS0045,comment_sent,2026-02-16 23:33:17,checkout,payment_service,2026-07-04 02:43:50,cleaned
EVT000696,LIVE0027,CUS0050,api_error,2026-01-16 07:26:09,timeout,api_gateway,2026-07-04 02:43:50,cleaned
EVT000697,LIVE0016,CUS0043,payment_clicked,2026-03-26 01:23:19,success,api_gateway,2026-07-04 02:43:50,cleaned
EVT000698,LIVE0026,CUS0006,api_error,2026-04-02 01:40:30,,simulation,2026-07-04 02:43:50,cleaned
EVT000699,LIVE0015,CUS0032,payment_succeeded,2026-03-19 19:35:29,checkout,live_connector,2026-07-04 02:43:50,cleaned
EVT000703,LIVE0035,CUS0026,payment_succeeded,2026-04-02 06:33:41,,simulation,2026-07-04 02:43:50,cleaned
EVT000704,LIVE0019,CUS0033,cart_opened,2026-03-28 02:09:44,button_click,api_gateway,2026-07-04 02:43:50,cleaned
EVT000705,LIVE0020,CUS0023,api_error,2026-03-15 20:42:42,timeout,simulation,2026-07-04 02:43:50,cleaned
EVT000706,LIVE0021,CUS0022,comment_sent,2026-02-01 13:48:45,success,live_connector,2026-07-04 02:43:50,cleaned
EVT000707,LIVE0035,CUS0057,cart_opened,2026-01-14 09:49:16,,simulation,2026-07-04 02:43:50,cleaned
EVT000708,LIVE0003,CUS0051,payment_clicked,2026-03-22 12:10:22,timeout,live_connector,2026-07-04 02:43:50,cleaned
EVT000709,LIVE0003,CUS0025,payment_succeeded,2026-04-11 07:46:43,timeout,live_connector,2026-07-04 02:43:50,cleaned
EVT000710,LIVE0013,CUS0039,cart_opened,2026-04-21 23:01:42,,simulation,2026-07-04 02:43:50,cleaned
EVT000711,LIVE0026,CUS0041,payment_succeeded,2026-04-12 08:55:18,checkout,api_gateway,2026-07-04 02:43:50,cleaned
EVT000712,LIVE0035,CUS0066,comment_sent,2026-04-09 07:46:06,timeout,payment_service,2026-07-04 02:43:50,cleaned
EVT000713,LIVE0034,CUS0068,cart_opened,2026-04-17 08:21:46,success,simulation,2026-07-04 02:43:50,cleaned
EVT000714,LIVE0004,CUS0045,comment_sent,2026-02-07 21:40:03,timeout,payment_service,2026-07-04 02:43:50,cleaned
EVT000715,LIVE0015,CUS0029,cart_opened,2026-04-08 11:12:53,checkout,live_connector,2026-07-04 02:43:50,cleaned
EVT000716,LIVE0022,CUS0017,payment_succeeded,2026-04-04 07:51:09,,web_app,2026-07-04 02:43:50,cleaned
EVT000717,LIVE0007,CUS0078,payment_succeeded,2026-03-09 14:46:56,,api_gateway,2026-07-04 02:43:50,cleaned
EVT000718,LIVE0004,CUS0079,cart_opened,2026-01-31 18:05:40,success,simulation,2026-07-04 02:43:50,cleaned
EVT000719,LIVE0015,CUS0019,payment_succeeded,2026-03-24 10:14:02,button_click,web_app,2026-07-04 02:43:50,cleaned
EVT000721,LIVE0007,CUS0061,api_error,2026-04-20 13:49:35,checkout,web_app,2026-07-04 02:43:50,cleaned
EVT000722,LIVE0001,CUS0025,cart_opened,2026-04-16 00:51:01,checkout,web_app,2026-07-04 02:43:50,cleaned
EVT000723,LIVE0023,CUS0055,comment_sent,2026-03-12 04:53:38,checkout,web_app,2026-07-04 02:43:50,cleaned
EVT000724,LIVE0017,CUS0050,payment_clicked,2026-03-02 20:44:31,timeout,live_connector,2026-07-04 02:43:50,cleaned
EVT000725,LIVE0009,CUS0055,comment_sent,2026-04-23 19:43:13,button_click,live_connector,2026-07-04 02:43:50,cleaned
EVT000726,LIVE0024,CUS0019,comment_sent,2026-01-10 09:38:04,,api_gateway,2026-07-04 02:43:50,cleaned
EVT000727,LIVE0020,CUS0015,api_error,2026-02-07 07:14:25,checkout,simulation,2026-07-04 02:43:50,cleaned
EVT000728,LIVE0023,CUS0004,api_error,2026-01-18 13:12:10,success,payment_service,2026-07-04 02:43:50,cleaned
EVT000729,LIVE0034,CUS0020,comment_sent,2026-01-31 14:17:21,timeout,simulation,2026-07-04 02:43:50,cleaned
EVT000730,LIVE0005,CUS0013,payment_clicked,2026-04-30 01:44:47,timeout,payment_service,2026-07-04 02:43:50,cleaned
EVT000731,LIVE0035,CUS0070,payment_succeeded,2026-05-01 23:02:53,timeout,web_app,2026-07-04 02:43:50,cleaned
EVT000732,LIVE0023,CUS0032,payment_succeeded,2026-04-30 12:27:27,,api_gateway,2026-07-04 02:43:50,cleaned
EVT000733,LIVE0007,CUS0016,product_viewed,2026-01-17 13:49:54,,web_app,2026-07-04 02:43:50,cleaned
EVT000734,LIVE0014,CUS0008,api_error,2026-04-24 06:23:24,button_click,api_gateway,2026-07-04 02:43:50,cleaned
EVT000735,LIVE0006,CUS0004,payment_succeeded,2026-01-20 21:29:04,timeout,payment_service,2026-07-04 02:43:50,cleaned
EVT000737,LIVE0029,CUS0067,api_error,2026-01-24 13:36:06,button_click,simulation,2026-07-04 02:43:50,cleaned
EVT000738,LIVE0029,CUS0073,product_viewed,2026-04-26 04:39:13,checkout,live_connector,2026-07-04 02:43:50,cleaned
EVT000739,LIVE0020,CUS0006,comment_sent,2026-01-31 09:57:35,,api_gateway,2026-07-04 02:43:50,cleaned
EVT000740,LIVE0030,CUS0026,payment_clicked,2026-02-08 07:30:55,checkout,api_gateway,2026-07-04 02:43:50,cleaned
EVT000741,LIVE0010,CUS0054,comment_sent,2026-01-28 07:41:23,checkout,web_app,2026-07-04 02:43:50,cleaned
EVT000742,LIVE0004,CUS0015,product_viewed,2026-02-17 14:44:44,,api_gateway,2026-07-04 02:43:50,cleaned
EVT000743,LIVE0004,CUS0066,payment_clicked,2026-03-14 18:45:04,timeout,live_connector,2026-07-04 02:43:50,cleaned
EVT000744,LIVE0013,CUS0003,product_viewed,2026-02-27 08:37:51,success,simulation,2026-07-04 02:43:50,cleaned
EVT000746,LIVE0031,CUS0013,api_error,2026-02-07 04:34:50,timeout,api_gateway,2026-07-04 02:43:50,cleaned
EVT000747,LIVE0026,CUS0074,cart_opened,2026-01-19 10:36:06,timeout,web_app,2026-07-04 02:43:50,cleaned
EVT000748,LIVE0034,CUS0041,api_error,2026-03-21 06:11:56,success,web_app,2026-07-04 02:43:50,cleaned
EVT000749,LIVE0013,CUS0030,payment_clicked,2026-04-10 04:49:27,button_click,api_gateway,2026-07-04 02:43:50,cleaned
EVT000750,LIVE0004,CUS0054,api_error,2026-03-31 00:35:30,success,simulation,2026-07-04 02:43:50,cleaned
EVT000752,LIVE0021,CUS0073,product_viewed,2026-01-30 16:38:14,timeout,api_gateway,2026-07-04 02:43:50,cleaned
EVT000753,LIVE0025,CUS0033,api_error,2026-01-18 21:57:35,,live_connector,2026-07-04 02:43:50,cleaned
EVT000754,LIVE0001,CUS0046,payment_succeeded,2026-04-24 21:07:09,checkout,api_gateway,2026-07-04 02:43:50,cleaned
EVT000755,LIVE0029,CUS0045,comment_sent,2026-03-12 04:25:37,timeout,api_gateway,2026-07-04 02:43:50,cleaned
EVT000756,LIVE0011,CUS0057,product_viewed,2026-02-04 02:50:35,button_click,api_gateway,2026-07-04 02:43:50,cleaned
EVT000757,LIVE0026,CUS0046,payment_succeeded,2026-03-22 02:59:53,success,web_app,2026-07-04 02:43:50,cleaned
EVT000758,LIVE0032,CUS0056,comment_sent,2026-03-28 21:56:09,success,api_gateway,2026-07-04 02:43:50,cleaned
EVT000759,LIVE0022,CUS0075,payment_clicked,2026-04-29 03:16:53,success,live_connector,2026-07-04 02:43:50,cleaned
EVT000760,LIVE0027,CUS0071,cart_opened,2026-01-31 18:50:49,timeout,api_gateway,2026-07-04 02:43:50,cleaned
EVT000762,LIVE0001,CUS0067,payment_succeeded,2026-03-18 12:58:56,button_click,web_app,2026-07-04 02:43:50,cleaned
EVT000764,LIVE0014,CUS0080,payment_clicked,2026-04-16 00:03:04,button_click,api_gateway,2026-07-04 02:43:50,cleaned
EVT000765,LIVE0004,CUS0080,product_viewed,2026-02-05 02:18:40,checkout,web_app,2026-07-04 02:43:50,cleaned
EVT000766,LIVE0022,CUS0007,payment_succeeded,2026-02-22 05:55:40,checkout,payment_service,2026-07-04 02:43:50,cleaned
EVT000767,LIVE0030,CUS0054,product_viewed,2026-01-19 01:46:23,success,live_connector,2026-07-04 02:43:50,cleaned
EVT000768,LIVE0019,CUS0003,payment_succeeded,2026-02-26 14:38:18,button_click,payment_service,2026-07-04 02:43:50,cleaned
EVT000769,LIVE0004,CUS0059,cart_opened,2026-04-03 12:48:55,button_click,payment_service,2026-07-04 02:43:50,cleaned
EVT000770,LIVE0010,CUS0046,comment_sent,2026-03-13 02:47:55,button_click,simulation,2026-07-04 02:43:50,cleaned
EVT000771,LIVE0026,CUS0007,cart_opened,2026-03-14 22:59:38,,live_connector,2026-07-04 02:43:50,cleaned
EVT000773,LIVE0014,CUS0060,cart_opened,2026-01-12 04:59:20,timeout,payment_service,2026-07-04 02:43:50,cleaned
EVT000774,LIVE0014,CUS0046,payment_succeeded,2026-01-14 14:34:59,,simulation,2026-07-04 02:43:50,cleaned
EVT000776,LIVE0012,CUS0001,payment_succeeded,2026-01-15 07:48:27,success,api_gateway,2026-07-04 02:43:50,cleaned
EVT000777,LIVE0022,CUS0018,payment_succeeded,2026-03-05 17:36:22,button_click,web_app,2026-07-04 02:43:50,cleaned
EVT000778,LIVE0014,CUS0029,payment_succeeded,2026-01-10 21:34:18,timeout,live_connector,2026-07-04 02:43:50,cleaned
EVT000781,LIVE0030,CUS0028,product_viewed,2026-02-02 03:25:30,checkout,web_app,2026-07-04 02:43:50,cleaned
EVT000782,LIVE0011,CUS0061,product_viewed,2026-04-12 15:42:32,success,payment_service,2026-07-04 02:43:50,cleaned
EVT000784,LIVE0013,CUS0015,product_viewed,2026-01-25 08:33:59,button_click,payment_service,2026-07-04 02:43:50,cleaned
EVT000786,LIVE0016,CUS0071,cart_opened,2026-04-23 03:54:32,success,api_gateway,2026-07-04 02:43:50,cleaned
EVT000787,LIVE0022,CUS0054,comment_sent,2026-02-13 07:36:48,button_click,web_app,2026-07-04 02:43:50,cleaned
EVT000788,LIVE0033,CUS0077,api_error,2026-04-03 20:27:25,,simulation,2026-07-04 02:43:50,cleaned
EVT000789,LIVE0032,CUS0008,payment_succeeded,2026-04-21 15:15:57,button_click,api_gateway,2026-07-04 02:43:50,cleaned
EVT000790,LIVE0011,CUS0002,payment_clicked,2026-04-08 00:24:34,success,web_app,2026-07-04 02:43:50,cleaned
EVT000791,LIVE0012,CUS0025,cart_opened,2026-03-22 11:20:43,success,web_app,2026-07-04 02:43:50,cleaned
EVT000792,LIVE0027,CUS0048,comment_sent,2026-04-10 10:34:28,,live_connector,2026-07-04 02:43:50,cleaned
EVT000793,LIVE0027,CUS0074,cart_opened,2026-04-04 02:33:41,success,web_app,2026-07-04 02:43:50,cleaned
EVT000794,LIVE0010,CUS0043,api_error,2026-02-20 14:48:38,,api_gateway,2026-07-04 02:43:50,cleaned
EVT000795,LIVE0019,CUS0032,payment_succeeded,2026-03-21 19:34:18,checkout,web_app,2026-07-04 02:43:50,cleaned
EVT000796,LIVE0012,CUS0018,comment_sent,2026-04-19 10:51:02,checkout,payment_service,2026-07-04 02:43:50,cleaned
EVT000797,LIVE0029,CUS0078,product_viewed,2026-03-30 08:32:18,success,live_connector,2026-07-04 02:43:50,cleaned
EVT000798,LIVE0023,CUS0080,api_error,2026-03-12 20:04:41,,live_connector,2026-07-04 02:43:50,cleaned
EVT000799,LIVE0024,CUS0059,product_viewed,2026-03-11 16:29:51,,simulation,2026-07-04 02:43:50,cleaned
EVT000800,LIVE0006,CUS0047,cart_opened,2026-01-31 17:25:28,button_click,simulation,2026-07-04 02:43:50,cleaned
EVT000803,LIVE0033,CUS0051,api_error,2026-01-20 19:36:58,button_click,api_gateway,2026-07-04 02:43:50,cleaned
EVT000806,LIVE0027,CUS0025,product_viewed,2026-03-22 07:23:03,timeout,web_app,2026-07-04 02:43:50,cleaned
EVT000807,LIVE0025,CUS0051,payment_succeeded,2026-04-04 19:21:43,button_click,api_gateway,2026-07-04 02:43:50,cleaned
EVT000808,LIVE0003,CUS0004,product_viewed,2026-01-16 05:17:57,checkout,payment_service,2026-07-04 02:43:50,cleaned
EVT000809,LIVE0023,CUS0049,payment_clicked,2026-02-02 05:59:33,button_click,simulation,2026-07-04 02:43:50,cleaned
EVT000810,LIVE0027,CUS0027,cart_opened,2026-02-15 19:18:11,success,payment_service,2026-07-04 02:43:50,cleaned
EVT000812,LIVE0007,CUS0045,payment_succeeded,2026-01-22 08:05:43,timeout,payment_service,2026-07-04 02:43:50,cleaned
EVT000813,LIVE0023,CUS0063,cart_opened,2026-04-27 10:24:10,checkout,payment_service,2026-07-04 02:43:50,cleaned
EVT000814,LIVE0027,CUS0077,cart_opened,2026-04-22 22:14:21,checkout,api_gateway,2026-07-04 02:43:50,cleaned
EVT000815,LIVE0025,CUS0015,cart_opened,2026-04-21 16:06:35,button_click,live_connector,2026-07-04 02:43:50,cleaned
EVT000816,LIVE0025,CUS0004,product_viewed,2026-03-04 16:16:24,checkout,live_connector,2026-07-04 02:43:50,cleaned
EVT000818,LIVE0016,CUS0001,cart_opened,2026-02-09 20:39:07,checkout,api_gateway,2026-07-04 02:43:50,cleaned
EVT000819,LIVE0005,CUS0016,payment_succeeded,2026-03-18 15:10:03,success,api_gateway,2026-07-04 02:43:50,cleaned
EVT000820,LIVE0023,CUS0076,cart_opened,2026-02-04 01:05:53,timeout,payment_service,2026-07-04 02:43:50,cleaned
EVT000821,LIVE0027,CUS0041,comment_sent,2026-02-11 09:29:06,timeout,live_connector,2026-07-04 02:43:50,cleaned
EVT000822,LIVE0014,CUS0015,cart_opened,2026-04-04 05:23:39,success,simulation,2026-07-04 02:43:50,cleaned
EVT000823,LIVE0032,CUS0069,comment_sent,2026-01-31 13:28:54,timeout,web_app,2026-07-04 02:43:50,cleaned
EVT000826,LIVE0009,CUS0077,api_error,2026-03-02 17:03:38,success,simulation,2026-07-04 02:43:50,cleaned
EVT000827,LIVE0001,CUS0036,payment_clicked,2026-01-17 07:54:32,checkout,api_gateway,2026-07-04 02:43:50,cleaned
EVT000828,LIVE0024,CUS0053,cart_opened,2026-04-24 04:59:21,checkout,simulation,2026-07-04 02:43:50,cleaned
EVT000829,LIVE0028,CUS0008,payment_clicked,2026-04-21 18:32:26,button_click,api_gateway,2026-07-04 02:43:50,cleaned
EVT000830,LIVE0030,CUS0037,payment_clicked,2026-04-21 05:08:31,timeout,api_gateway,2026-07-04 02:43:50,cleaned
EVT000831,LIVE0023,CUS0037,api_error,2026-03-22 10:46:37,button_click,live_connector,2026-07-04 02:43:50,cleaned
EVT000832,LIVE0022,CUS0080,payment_clicked,2026-01-23 16:08:19,checkout,web_app,2026-07-04 02:43:50,cleaned
EVT000833,LIVE0006,CUS0056,payment_clicked,2026-01-04 04:59:54,,web_app,2026-07-04 02:43:50,cleaned
EVT000835,LIVE0005,CUS0032,cart_opened,2026-03-24 03:51:20,timeout,web_app,2026-07-04 02:43:50,cleaned
EVT000836,LIVE0015,CUS0001,payment_clicked,2026-02-13 15:02:33,success,simulation,2026-07-04 02:43:50,cleaned
EVT000837,LIVE0013,CUS0014,payment_clicked,2026-02-08 09:54:33,checkout,api_gateway,2026-07-04 02:43:50,cleaned
EVT000838,LIVE0026,CUS0051,api_error,2026-03-21 22:31:09,button_click,payment_service,2026-07-04 02:43:50,cleaned
EVT000839,LIVE0029,CUS0059,product_viewed,2026-04-11 14:46:18,button_click,payment_service,2026-07-04 02:43:50,cleaned
EVT000840,LIVE0001,CUS0018,payment_clicked,2026-04-19 16:47:45,success,live_connector,2026-07-04 02:43:50,cleaned
EVT000841,LIVE0020,CUS0028,comment_sent,2026-03-09 06:51:52,success,api_gateway,2026-07-04 02:43:50,cleaned
EVT000842,LIVE0007,CUS0019,cart_opened,2026-04-18 02:08:12,checkout,payment_service,2026-07-04 02:43:50,cleaned
EVT000843,LIVE0001,CUS0041,api_error,2026-01-12 01:24:47,,web_app,2026-07-04 02:43:50,cleaned
EVT000844,LIVE0035,CUS0033,payment_succeeded,2026-02-03 15:10:13,checkout,simulation,2026-07-04 02:43:50,cleaned
EVT000845,LIVE0024,CUS0004,api_error,2026-01-22 15:25:33,,simulation,2026-07-04 02:43:50,cleaned
EVT000846,LIVE0013,CUS0025,payment_clicked,2026-03-03 14:20:16,timeout,api_gateway,2026-07-04 02:43:50,cleaned
EVT000847,LIVE0019,CUS0063,cart_opened,2026-02-18 04:55:36,,live_connector,2026-07-04 02:43:50,cleaned
EVT000848,LIVE0011,CUS0013,api_error,2026-04-15 21:47:29,button_click,api_gateway,2026-07-04 02:43:50,cleaned
EVT000849,LIVE0017,CUS0015,payment_succeeded,2026-01-07 17:55:11,button_click,web_app,2026-07-04 02:43:50,cleaned
EVT000850,LIVE0032,CUS0024,comment_sent,2026-02-28 21:13:12,button_click,payment_service,2026-07-04 02:43:50,cleaned
EVT000851,LIVE0013,CUS0004,payment_clicked,2026-01-24 05:09:36,checkout,api_gateway,2026-07-04 02:43:50,cleaned
EVT000852,LIVE0015,CUS0054,cart_opened,2026-01-13 23:27:51,timeout,api_gateway,2026-07-04 02:43:50,cleaned
EVT000853,LIVE0005,CUS0040,cart_opened,2026-03-12 17:09:15,success,live_connector,2026-07-04 02:43:50,cleaned
EVT000855,LIVE0019,CUS0055,comment_sent,2026-03-04 23:41:29,button_click,payment_service,2026-07-04 02:43:50,cleaned
EVT000856,LIVE0012,CUS0052,payment_clicked,2026-02-01 00:36:21,timeout,live_connector,2026-07-04 02:43:50,cleaned
EVT000857,LIVE0033,CUS0080,product_viewed,2026-04-03 03:11:57,button_click,api_gateway,2026-07-04 02:43:50,cleaned
EVT000858,LIVE0030,CUS0001,cart_opened,2026-03-15 05:28:04,success,web_app,2026-07-04 02:43:50,cleaned
EVT000859,LIVE0023,CUS0033,product_viewed,2026-04-26 19:29:48,checkout,simulation,2026-07-04 02:43:50,cleaned
EVT000860,LIVE0009,CUS0029,payment_succeeded,2026-04-01 10:08:37,checkout,api_gateway,2026-07-04 02:43:50,cleaned
EVT000861,LIVE0017,CUS0018,cart_opened,2026-01-04 21:48:06,success,live_connector,2026-07-04 02:43:50,cleaned
EVT000862,LIVE0027,CUS0007,api_error,2026-01-25 05:02:56,,live_connector,2026-07-04 02:43:50,cleaned
EVT000864,LIVE0034,CUS0074,payment_succeeded,2026-02-14 21:13:44,timeout,api_gateway,2026-07-04 02:43:50,cleaned
EVT000865,LIVE0024,CUS0025,cart_opened,2026-03-23 17:25:59,,web_app,2026-07-04 02:43:50,cleaned
EVT000866,LIVE0014,CUS0003,payment_clicked,2026-02-08 07:59:24,,api_gateway,2026-07-04 02:43:50,cleaned
EVT000867,LIVE0022,CUS0016,payment_succeeded,2026-01-09 11:53:55,success,payment_service,2026-07-04 02:43:50,cleaned
EVT000871,LIVE0015,CUS0077,payment_succeeded,2026-01-12 19:07:09,button_click,web_app,2026-07-04 02:43:50,cleaned
EVT000872,LIVE0011,CUS0021,comment_sent,2026-01-27 05:07:55,button_click,simulation,2026-07-04 02:43:50,cleaned
EVT000873,LIVE0031,CUS0019,comment_sent,2026-01-15 19:49:47,,web_app,2026-07-04 02:43:50,cleaned
EVT000874,LIVE0009,CUS0050,payment_succeeded,2026-01-14 04:58:11,,web_app,2026-07-04 02:43:50,cleaned
EVT000875,LIVE0003,CUS0059,cart_opened,2026-04-03 10:42:47,checkout,simulation,2026-07-04 02:43:50,cleaned
EVT000876,LIVE0017,CUS0027,api_error,2026-04-06 23:13:02,timeout,api_gateway,2026-07-04 02:43:50,cleaned
EVT000877,LIVE0014,CUS0057,payment_succeeded,2026-02-13 06:34:00,success,simulation,2026-07-04 02:43:50,cleaned
EVT000878,LIVE0021,CUS0068,comment_sent,2026-01-20 09:11:06,,live_connector,2026-07-04 02:43:50,cleaned
EVT000880,LIVE0022,CUS0019,cart_opened,2026-03-18 09:24:08,,api_gateway,2026-07-04 02:43:50,cleaned
EVT000881,LIVE0014,CUS0048,payment_clicked,2026-04-03 12:53:50,,web_app,2026-07-04 02:43:50,cleaned
EVT000882,LIVE0015,CUS0074,api_error,2026-02-14 04:49:44,checkout,simulation,2026-07-04 02:43:50,cleaned
EVT000884,LIVE0024,CUS0072,payment_clicked,2026-03-11 11:24:19,success,payment_service,2026-07-04 02:43:50,cleaned
EVT000886,LIVE0032,CUS0007,payment_succeeded,2026-01-16 11:39:10,button_click,payment_service,2026-07-04 02:43:50,cleaned
EVT000887,LIVE0033,CUS0037,comment_sent,2026-01-22 19:39:03,button_click,web_app,2026-07-04 02:43:50,cleaned
EVT000889,LIVE0020,CUS0069,product_viewed,2026-05-01 03:21:20,timeout,payment_service,2026-07-04 02:43:50,cleaned
EVT000890,LIVE0001,CUS0030,product_viewed,2026-04-01 09:02:15,,web_app,2026-07-04 02:43:50,cleaned
EVT000892,LIVE0029,CUS0041,api_error,2026-01-09 11:28:37,timeout,live_connector,2026-07-04 02:43:50,cleaned
EVT000894,LIVE0018,CUS0061,payment_succeeded,2026-01-01 03:02:35,,web_app,2026-07-04 02:43:50,cleaned
EVT000895,LIVE0034,CUS0017,comment_sent,2026-01-27 00:51:58,button_click,api_gateway,2026-07-04 02:43:50,cleaned
EVT000896,LIVE0016,CUS0014,payment_succeeded,2026-02-21 08:48:05,button_click,payment_service,2026-07-04 02:43:50,cleaned
EVT000897,LIVE0029,CUS0068,comment_sent,2026-03-11 00:33:06,timeout,simulation,2026-07-04 02:43:50,cleaned
EVT000898,LIVE0007,CUS0020,api_error,2026-01-04 23:06:21,,simulation,2026-07-04 02:43:50,cleaned
EVT000899,LIVE0006,CUS0027,api_error,2026-01-06 13:28:06,success,web_app,2026-07-04 02:43:50,cleaned
EVT000900,LIVE0031,CUS0031,payment_clicked,2026-01-11 01:52:55,timeout,live_connector,2026-07-04 02:43:50,cleaned
EVT000901,LIVE0035,CUS0037,payment_succeeded,2026-02-08 06:51:25,success,web_app,2026-07-04 02:43:50,cleaned
EVT000902,LIVE0014,CUS0004,comment_sent,2026-03-14 13:11:22,checkout,api_gateway,2026-07-04 02:43:50,cleaned
EVT000903,LIVE0024,CUS0059,payment_succeeded,2026-04-01 13:38:16,button_click,web_app,2026-07-04 02:43:50,cleaned
EVT000904,LIVE0015,CUS0017,api_error,2026-01-01 10:12:42,success,api_gateway,2026-07-04 02:43:50,cleaned
EVT000906,LIVE0029,CUS0021,comment_sent,2026-02-15 18:04:33,success,payment_service,2026-07-04 02:43:50,cleaned
EVT000907,LIVE0032,CUS0003,comment_sent,2026-01-08 08:25:26,button_click,web_app,2026-07-04 02:43:50,cleaned
EVT000908,LIVE0021,CUS0044,product_viewed,2026-03-17 00:48:04,,web_app,2026-07-04 02:43:50,cleaned
EVT000909,LIVE0030,CUS0077,payment_succeeded,2026-03-27 14:07:58,timeout,web_app,2026-07-04 02:43:50,cleaned
EVT000911,LIVE0019,CUS0075,comment_sent,2026-02-10 07:42:45,,live_connector,2026-07-04 02:43:50,cleaned
EVT000912,LIVE0013,CUS0006,payment_clicked,2026-03-20 19:32:02,checkout,live_connector,2026-07-04 02:43:50,cleaned
EVT000914,LIVE0014,CUS0061,api_error,2026-02-26 21:07:52,button_click,simulation,2026-07-04 02:43:50,cleaned
EVT000915,LIVE0020,CUS0015,payment_succeeded,2026-04-27 12:06:09,success,simulation,2026-07-04 02:43:50,cleaned
EVT000916,LIVE0020,CUS0007,payment_succeeded,2026-03-03 18:17:15,success,payment_service,2026-07-04 02:43:50,cleaned
EVT000917,LIVE0022,CUS0057,cart_opened,2026-01-27 23:44:32,checkout,api_gateway,2026-07-04 02:43:50,cleaned
EVT000918,LIVE0020,CUS0076,api_error,2026-04-27 03:39:28,,web_app,2026-07-04 02:43:50,cleaned
EVT000919,LIVE0018,CUS0023,payment_succeeded,2026-04-19 21:08:01,success,simulation,2026-07-04 02:43:50,cleaned
EVT000920,LIVE0004,CUS0067,payment_succeeded,2026-04-15 17:54:10,,web_app,2026-07-04 02:43:50,cleaned
EVT000923,LIVE0034,CUS0078,api_error,2026-04-24 18:28:57,success,web_app,2026-07-04 02:43:50,cleaned
EVT000924,LIVE0006,CUS0058,comment_sent,2026-04-04 17:32:40,checkout,live_connector,2026-07-04 02:43:50,cleaned
EVT000926,LIVE0021,CUS0070,cart_opened,2026-01-21 03:28:56,timeout,api_gateway,2026-07-04 02:43:50,cleaned
EVT000927,LIVE0034,CUS0031,api_error,2026-02-26 16:23:28,,api_gateway,2026-07-04 02:43:50,cleaned
EVT000929,LIVE0022,CUS0062,product_viewed,2026-01-12 05:53:12,button_click,api_gateway,2026-07-04 02:43:50,cleaned
EVT000930,LIVE0006,CUS0040,api_error,2026-02-21 02:48:41,,payment_service,2026-07-04 02:43:50,cleaned
EVT000931,LIVE0034,CUS0065,product_viewed,2026-04-15 18:17:50,success,api_gateway,2026-07-04 02:43:50,cleaned
EVT000932,LIVE0029,CUS0073,api_error,2026-01-20 14:46:48,button_click,api_gateway,2026-07-04 02:43:50,cleaned
EVT000933,LIVE0032,CUS0007,payment_clicked,2026-01-06 18:22:14,,live_connector,2026-07-04 02:43:50,cleaned
EVT000934,LIVE0006,CUS0076,payment_succeeded,2026-01-15 11:27:02,button_click,api_gateway,2026-07-04 02:43:50,cleaned
EVT000935,LIVE0017,CUS0024,payment_succeeded,2026-02-06 21:57:51,checkout,api_gateway,2026-07-04 02:43:50,cleaned
EVT000936,LIVE0016,CUS0044,product_viewed,2026-02-18 11:06:49,button_click,api_gateway,2026-07-04 02:43:50,cleaned
EVT000937,LIVE0027,CUS0025,payment_clicked,2026-03-23 01:56:38,button_click,live_connector,2026-07-04 02:43:50,cleaned
EVT000938,LIVE0026,CUS0051,api_error,2026-02-01 23:16:59,checkout,simulation,2026-07-04 02:43:50,cleaned
EVT000940,LIVE0011,CUS0073,payment_clicked,2026-01-14 12:09:10,timeout,api_gateway,2026-07-04 02:43:50,cleaned
EVT000941,LIVE0017,CUS0054,payment_clicked,2026-03-11 17:08:00,checkout,api_gateway,2026-07-04 02:43:50,cleaned
EVT000942,LIVE0016,CUS0036,api_error,2026-02-21 17:44:32,success,api_gateway,2026-07-04 02:43:50,cleaned
EVT000943,LIVE0003,CUS0057,cart_opened,2026-02-03 12:30:09,checkout,simulation,2026-07-04 02:43:50,cleaned
EVT000944,LIVE0005,CUS0056,comment_sent,2026-03-21 02:05:19,,payment_service,2026-07-04 02:43:50,cleaned
EVT000946,LIVE0015,CUS0054,comment_sent,2026-01-30 06:30:46,button_click,web_app,2026-07-04 02:43:50,cleaned
EVT000947,LIVE0023,CUS0025,cart_opened,2026-01-06 08:20:35,checkout,web_app,2026-07-04 02:43:50,cleaned
EVT000949,LIVE0019,CUS0040,payment_succeeded,2026-01-19 08:07:39,,simulation,2026-07-04 02:43:50,cleaned
EVT000952,LIVE0035,CUS0018,product_viewed,2026-02-03 19:34:36,checkout,web_app,2026-07-04 02:43:50,cleaned
EVT000953,LIVE0001,CUS0053,payment_succeeded,2026-04-17 17:09:06,timeout,web_app,2026-07-04 02:43:50,cleaned
EVT000954,LIVE0030,CUS0036,payment_succeeded,2026-03-08 03:50:14,timeout,api_gateway,2026-07-04 02:43:50,cleaned
EVT000955,LIVE0013,CUS0052,product_viewed,2026-02-18 08:34:27,checkout,api_gateway,2026-07-04 02:43:50,cleaned
EVT000956,LIVE0017,CUS0076,payment_succeeded,2026-03-31 19:35:28,timeout,api_gateway,2026-07-04 02:43:50,cleaned
EVT000957,LIVE0026,CUS0074,payment_clicked,2026-03-30 02:20:21,checkout,live_connector,2026-07-04 02:43:50,cleaned
EVT000958,LIVE0022,CUS0007,comment_sent,2026-01-16 19:08:46,checkout,payment_service,2026-07-04 02:43:50,cleaned
EVT000959,LIVE0004,CUS0063,payment_clicked,2026-02-01 22:59:24,,live_connector,2026-07-04 02:43:50,cleaned
EVT000960,LIVE0009,CUS0011,payment_succeeded,2026-01-11 13:43:46,,payment_service,2026-07-04 02:43:50,cleaned
EVT000961,LIVE0027,CUS0028,payment_succeeded,2026-02-10 07:26:45,success,web_app,2026-07-04 02:43:50,cleaned
EVT000962,LIVE0034,CUS0076,payment_clicked,2026-02-11 11:38:03,button_click,simulation,2026-07-04 02:43:50,cleaned
EVT000963,LIVE0001,CUS0007,comment_sent,2026-03-18 20:41:36,timeout,payment_service,2026-07-04 02:43:50,cleaned
EVT000964,LIVE0021,CUS0069,api_error,2026-02-02 05:03:18,button_click,simulation,2026-07-04 02:43:50,cleaned
EVT000965,LIVE0019,CUS0073,api_error,2026-02-25 13:31:26,,live_connector,2026-07-04 02:43:50,cleaned
EVT000966,LIVE0029,CUS0035,cart_opened,2026-01-02 09:20:27,timeout,simulation,2026-07-04 02:43:50,cleaned
EVT000967,LIVE0030,CUS0045,api_error,2026-04-25 00:36:28,timeout,live_connector,2026-07-04 02:43:50,cleaned
EVT000970,LIVE0023,CUS0039,comment_sent,2026-01-14 12:40:21,checkout,api_gateway,2026-07-04 02:43:50,cleaned
EVT000971,LIVE0024,CUS0031,comment_sent,2026-01-02 22:59:43,button_click,payment_service,2026-07-04 02:43:50,cleaned
EVT000972,LIVE0013,CUS0017,cart_opened,2026-01-20 09:11:48,button_click,simulation,2026-07-04 02:43:50,cleaned
EVT000973,LIVE0032,CUS0062,payment_clicked,2026-02-21 04:48:20,checkout,web_app,2026-07-04 02:43:50,cleaned
EVT000974,LIVE0026,CUS0004,comment_sent,2026-01-11 05:17:45,,web_app,2026-07-04 02:43:50,cleaned
EVT000976,LIVE0001,CUS0070,comment_sent,2026-01-14 15:37:33,button_click,simulation,2026-07-04 02:43:50,cleaned
EVT000977,LIVE0033,CUS0073,cart_opened,2026-01-26 02:11:36,checkout,live_connector,2026-07-04 02:43:50,cleaned
EVT000979,LIVE0012,CUS0056,comment_sent,2026-01-19 23:07:58,success,web_app,2026-07-04 02:43:50,cleaned
EVT000980,LIVE0015,CUS0069,payment_clicked,2026-01-30 23:48:56,button_click,live_connector,2026-07-04 02:43:50,cleaned
EVT000981,LIVE0016,CUS0057,payment_clicked,2026-03-31 18:46:24,checkout,web_app,2026-07-04 02:43:50,cleaned
EVT000982,LIVE0031,CUS0072,payment_clicked,2026-04-15 20:10:23,timeout,api_gateway,2026-07-04 02:43:50,cleaned
EVT000983,LIVE0013,CUS0041,cart_opened,2026-01-16 21:35:44,success,api_gateway,2026-07-04 02:43:50,cleaned
EVT000984,LIVE0022,CUS0034,payment_clicked,2026-04-13 08:03:02,button_click,live_connector,2026-07-04 02:43:50,cleaned
EVT000985,LIVE0021,CUS0049,payment_clicked,2026-03-25 14:21:47,success,payment_service,2026-07-04 02:43:50,cleaned
EVT000986,LIVE0005,CUS0016,cart_opened,2026-05-01 06:09:59,button_click,live_connector,2026-07-04 02:43:50,cleaned
EVT000987,LIVE0033,CUS0012,payment_succeeded,2026-02-26 12:48:13,success,live_connector,2026-07-04 02:43:50,cleaned
EVT000988,LIVE0012,CUS0064,cart_opened,2026-01-04 06:55:53,checkout,api_gateway,2026-07-04 02:43:50,cleaned
EVT000990,LIVE0004,CUS0010,api_error,2026-04-11 12:15:52,,live_connector,2026-07-04 02:43:50,cleaned
EVT000991,LIVE0023,CUS0026,comment_sent,2026-02-19 19:50:14,timeout,api_gateway,2026-07-04 02:43:50,cleaned
EVT000992,LIVE0034,CUS0020,payment_clicked,2026-03-21 07:21:54,success,live_connector,2026-07-04 02:43:50,cleaned
EVT000994,LIVE0005,CUS0052,payment_succeeded,2026-03-02 16:18:32,,simulation,2026-07-04 02:43:50,cleaned
EVT000995,LIVE0024,CUS0024,payment_clicked,2026-02-02 08:58:42,timeout,live_connector,2026-07-04 02:43:50,cleaned
EVT000996,LIVE0018,CUS0056,comment_sent,2026-04-16 17:13:52,checkout,live_connector,2026-07-04 02:43:50,cleaned
EVT000997,LIVE0005,CUS0062,api_error,2026-03-21 06:28:45,checkout,web_app,2026-07-04 02:43:50,cleaned
EVT000998,LIVE0001,CUS0043,cart_opened,2026-03-24 19:07:09,checkout,simulation,2026-07-04 02:43:50,cleaned
EVT000999,LIVE0034,CUS0067,product_viewed,2026-02-02 17:47:24,checkout,api_gateway,2026-07-04 02:43:50,cleaned
EVT001000,LIVE0029,CUS0077,api_error,2026-03-07 04:56:56,checkout,web_app,2026-07-04 02:43:50,cleaned
